wavelength_nm,group_1_mean,group_1_std
363.7379,408.40945868983954,36.112860298819115
363.9037,261.8439506684492,32.772985065824436
364.0696,80.5057150613637,30.497603313798265
364.2355,146.60330847593588,33.0902093250156
364.4014,199.64475287433154,34.259546359690304
364.5672,283.29314852941167,36.81562220085048
364.7331,149.23165131016046,33.25897438822888
364.8989,137.52042089572197,32.94190421328822
365.0647,233.9348597593581,32.792506123762074
365.2306,218.96694532085544,34.53159345588677
365.3964,288.20625013368965,34.58521831657421
365.5622,137.18352306149725,32.15820491111762
365.728,132.19421858288766,33.67889718935355
365.8938,208.27309501336885,33.86292660720039
366.0596,228.96828221925114,34.671500421509876
366.2254,109.30785316844924,32.09114270522211
366.3912,198.97229288770058,33.760627389152276
366.557,178.1995655882354,33.774898312396935
366.7227,211.2329881016041,33.86299012316838
366.8885,463.9388704545458,38.72054644923354
367.0543,186.20090244652417,32.830233061932326
367.2201,264.7503677807487,34.307619884042424
367.3858,165.918816778075,32.09414583228684
367.5515,193.39876344919787,33.31712311103083
367.7173,297.622025534759,35.63309492695693
367.883,91.10330841577544,32.41359915887796
368.0487,85.89341525401066,31.480206949125623
368.2145,156.5605280213904,30.9781940604103
368.3802,138.40277409090908,32.33433295715022
368.5459,106.42416485962572,29.747298736134205
368.7116,269.5378009358289,34.9404935689829
368.8773,197.2904747192514,32.94638401878259
369.043,216.78780093582867,34.01974607547188
369.2087,57.27844212875933,29.28599728153755
369.3744,187.66079564171133,32.26851131082026
369.54,273.12068863636364,34.59397767398284
369.7057,212.99769398395705,33.26483765340383
369.8713,145.29582231283428,31.708760167051107
370.037,253.2316512032084,35.23812062024021
370.2026,122.4255019919786,32.25799789007855
370.3683,63.565874475000065,31.43348992101058
370.5339,73.91213147914445,32.02918486871629
370.6996,148.5912769518717,32.426014296411076
370.8652,171.44822846256693,33.62537742740945
371.0308,105.97496617647055,30.548070004062406
371.1964,330.1126672459891,34.67260590037724
371.362,234.19288114973241,33.54413959231648
371.5276,247.23566189839556,33.39122899169444
371.6932,123.61667815508017,31.434783645835324
371.8588,301.5083891711227,33.9550417981082
372.0244,189.9134693983958,35.41258239720254
372.1899,104.12202520454551,31.413401995474555
372.3555,91.70892291844923,29.528188730244704
372.5211,110.33058074866314,30.4315987915558
372.6866,310.19555494652377,35.80045762958746
372.8522,243.1407421122993,35.03086199763012
373.0177,368.2356618983956,35.29296309830766
373.1833,229.63272072192498,34.69646973124311
373.3488,191.98298807486637,31.782851447088554
373.5143,180.62469921123005,32.26036834443464
373.6799,421.04047473262045,37.23780369249786
373.8454,216.4950201871656,34.46268242172698
374.0109,114.99100953208551,32.54464964069823
374.1764,86.8840563030749,32.20893237533928
374.3419,251.83993997326186,34.53485503956694
374.5074,168.9428811363637,34.01993585999219
374.6729,193.8680148395722,33.88343473759996
374.8383,292.6153410427805,37.54588895664333
375.0038,29.811864343074863,29.79481164484342
375.1693,93.98298758021389,31.21849342022394
375.3347,127.01239983957224,31.00318188745859
375.5002,223.42282767379666,34.25044933935593
375.6656,76.15945779385031,31.587474553354518
375.8311,71.303842780206,31.168917723531138
375.9965,103.77309399331563,31.615118603262008
376.1619,259.88272072192507,34.968416131381204
376.3274,469.7396725935833,35.6037163041844
376.4928,437.4027741978611,37.00993885379
376.6582,184.3479612967916,33.086841149369306
376.8236,156.27576909090917,32.59282658612752
376.989,348.810528208556,37.41928243046085
377.1544,181.17683840909098,33.313982076576615
377.3198,158.0311163368985,31.962747207673733
377.4851,279.10598275401065,33.35045843615131
377.6505,296.67550147058796,35.075627138516744
377.8159,212.46026082887684,33.69724615927497
377.9813,208.5498330213902,33.06779812796835
378.1466,351.0538437165773,35.34552830061703
378.312,399.27710574866296,37.64882550180535
378.4773,117.7236298262032,31.926367043305305
378.6426,143.85999355614976,33.90209728290119
378.808,97.32790753342249,30.448032429092805
378.9733,375.3252340909091,36.51582476323085
379.1386,187.00571562834247,64.97799184628417
379.3039,294.2263036096254,35.08492603811425
379.4692,249.368014839572,32.70967567990239
379.6345,195.5511699331551,33.565315353606884
379.7998,232.5337902406415,34.82621757096223
379.9651,138.63673118983948,31.740835655138273
380.1304,128.46828113636357,32.685064504199545
380.2957,163.52175814171133,32.59695882943392
380.4609,79.57656987165775,32.11300417993322
380.6262,212.92817526737952,32.30252230919107
380.7914,243.0792447860961,35.4437384244135
380.9567,262.2690843582888,34.79223957933771
381.1219,161.0378008155081,32.849068489720445
381.2872,78.96560822232618,32.52265204005269
381.4524,70.0645383703209,31.089962403489633
381.6176,200.6541111898396,33.006554288610815
381.7829,514.7891378342247,37.47812948625129
381.9481,530.0792447860963,41.13790238341785
382.1133,190.6367314973263,33.02610007348911
382.2785,144.78646382352943,32.255822556194374
382.4437,171.01239977272735,32.23965385314284
382.6089,65.31988583184365,29.356289486512978
382.774,345.1193517379677,35.102896283734914
382.9392,111.47763970588225,31.664719791284085
383.1044,131.91213247326195,33.08320585061887
383.2696,50.855982105080216,31.451065793172916
383.4347,112.0204205494653,32.490795490253966
383.5999,24.17149005398394,29.813209402481625
383.765,144.1260363502674,32.44030347064186
383.9301,184.68753367647074,33.17782813039017
384.0953,265.7115977272727,34.26908842868092
384.2604,190.54314847593594,32.49130436463772
384.4255,49.08726519505349,31.444027269130007
384.5907,141.3292447058824,32.69286786196703
384.7558,201.11667796791448,33.73574147837411
384.9209,43.712934177005394,30.64912087179761
385.086,191.2771057486632,31.748743159178392
385.251,225.3319185828876,33.051190980905574
385.4161,179.09127689839576,33.44004247212315
385.5812,124.44421740641717,31.727967726459745
385.7463,210.2450201871656,31.91627856751269
385.9113,135.8626670320855,32.18925321379475
386.0764,100.57122356951868,30.876730225815372
386.2415,439.9361966577541,36.85059175491839
386.4065,327.19822874331527,35.12704605271634
386.5715,110.191544894385,32.47765156642954
386.7366,61.5284424148396,29.57697786310262
386.9016,130.43084918449188,33.304790100732525
387.0666,189.35197205882358,32.30224477715438
387.2316,304.0685495989302,34.80389720477083
387.3966,159.59796172459897,31.53191898006153
387.5616,293.86133034759337,34.97564954982782
387.7267,272.6434159090909,35.05981749979459
387.8916,308.06052820855587,33.66574887542022
388.0566,102.11132980080224,30.651286997995587
388.2216,380.97362981283413,36.742769694384755
388.3866,269.4107955882353,34.73862150407171
388.5515,350.3559827540105,36.0867098662708
388.7165,320.5565175133687,35.12519031857391
388.8814,321.13940521390344,35.040644766712276
389.0464,86.21961983021392,29.309950511025985
389.2113,230.84796136363616,34.411252242053855
389.3763,198.71560842245992,31.770806487518673
389.5412,296.19956564171093,35.36970318819105
389.7061,174.70491326203214,32.927431327452624
389.871,196.40678493315508,32.5159638314575
390.0359,109.05785518716573,31.94288736965275
390.2008,171.6808490508022,33.21009430921212
390.3657,267.92951216577546,35.814386135267625
390.5306,193.63405758021395,33.334024210465735
390.6955,127.88272022727273,33.49849356599486
390.8604,279.27175815508014,35.04522542840214
391.0252,211.42149080213886,34.27882760528619
391.1901,184.70357633689846,33.01171820957586
391.355,166.51239993315517,33.15757802146289
391.5198,185.46961915775412,32.1589918734047
391.6847,168.77309532085567,32.347724639561676
391.8495,261.85330895721927,34.701879180273735
392.0143,139.24502022727268,32.913143396791696
392.1792,77.33459128195184,31.89652091847929
392.344,61.75437771925137,30.87858454130006
392.5088,188.40945868983965,32.22585002995978
392.6736,192.76239989304813,34.009665289484644
392.8384,246.94822874331535,33.72604888548018
393.0032,482.42951216577575,38.658726740221276
393.168,36.67951163943851,30.724444347660775
393.3328,148.61801455882357,32.834426000057206
393.4976,385.39876350267383,36.565748033735495
393.6623,265.67015387700536,34.093368992849555
393.8271,56.2904737651337,31.239159420284775
393.9919,185.90678478609638,31.70487938310508
394.1566,256.0017046791443,35.78783465443592
394.3214,149.38940490641718,32.46662234471972
394.4861,182.91747998663112,33.36103279465049
394.6508,224.18753355614962,33.12585773580646
394.8156,265.8907421122995,32.78821085714603
394.9803,48.674163667045505,30.85501181998766
395.145,94.68485863235294,30.58489605073284
395.3097,116.99368306149732,31.519736952290586
395.4744,288.71961911764686,34.83315618281459
395.6391,95.97095521390371,31.334592599510987
395.8038,74.81721261363639,30.70276325624894
395.9684,157.95223959893056,31.573800628204893
396.1331,94.52042112139041,31.826443154275665
396.2978,80.72229295093584,30.591583828567803
396.4625,63.79047425467914,30.635911643656048
396.6271,65.29314833783424,30.172338484017335
396.7918,176.35865676470604,33.11300888800382
396.9564,117.38004659090912,33.532572097444756
397.121,95.94555367780744,31.90242057156759
397.2857,181.03913783422468,30.49331848325886
397.4503,183.09395068181828,31.242761987188114
397.6149,143.42550215240644,31.66218507156323
397.7795,363.29983302139027,35.90337754328976
397.9441,369.2329881016042,33.283331725723166
398.1087,448.71961911764726,37.14512696446944
398.2733,253.39341590909078,34.277694838288085
398.4379,376.99368328876994,38.3660838713021
398.6025,141.27443183155074,30.94733476393118
398.7671,336.83993997326183,33.62608081729634
398.9316,590.1434159090909,35.525336536768094
399.0962,427.07657098930486,36.49240622579233
399.2607,266.19822874331555,35.34511895203774
399.4253,382.17416457219247,36.139478213080544
399.5898,310.8880683155077,34.44932283122187
399.7544,477.2303143048132,37.41137685285938
399.9189,176.6607955748664,33.56117674559276
400.0834,132.4709556016042,33.14241581212155
400.248,140.43218552139035,32.57988870528927
400.4124,318.1287100267377,35.73860101014217
400.577,173.44421794117656,31.764455681925917
400.7415,151.78111664438515,31.568867251779643
400.9059,280.01774745989303,34.81313429814456
401.0704,88.77977796657761,30.737394329544156
401.2349,264.2998330213904,33.86415549588884
401.3994,251.56453890374317,35.863720106787056
401.5638,158.4669452807488,31.215779300461623
401.7283,167.15678477272738,30.288762749286022
401.8928,318.09395066844894,34.968078742112475
402.0572,196.98432494652405,34.44995240266286
402.2216,210.11801483957203,33.796336442180326
402.3861,139.2289768582887,33.72398872481497
402.5505,159.1113303475937,32.27336144675851
402.7149,165.7276405614974,33.40402788120721
402.8794,86.91881647593588,30.534564442789776
403.0438,121.45223874331555,31.212819560204693
403.2082,286.190207352941,35.584155921300024
403.3726,320.41079558823503,35.69581868595325
403.537,184.59261382352955,32.21882829708126
403.7013,151.16480608288774,32.08382948764432
403.8657,154.56186494652414,32.41658995961473
404.0301,203.80785441176462,35.42225679487713
404.1944,127.41614263368979,30.6137088528846
404.3588,267.58993997326206,34.51485188275874
404.5231,166.87068872994666,34.04755474408542
404.6875,149.35464576203216,34.0353324702554
404.8518,185.04715925133698,32.63525109917684
405.0161,353.016410561497,34.86460340721428
405.1805,262.54181163101606,35.26653047367187
405.3448,125.37737359625666,31.46476246500425
405.5091,521.2182822192515,38.84181953804794
405.6734,210.85865655080195,35.488896068041015
405.8377,165.91748012032102,34.51381587632266
406.002,101.39876270320853,30.884164810396097
406.1663,198.47496671123,31.02653749349605
406.3306,173.60330882352946,31.908806394848916
406.4948,110.4936831684491,30.238501974724606
406.6591,235.97496671122983,33.7243291362393
406.8234,170.26106295454554,33.00368039050623
406.9876,325.5043784759356,35.025476364680266
407.1519,81.46694499866312,29.914307179029333
407.3161,318.622025534759,36.01567179320822
407.4803,155.5765710160428,32.549437265330965
407.6446,98.99234556149737,33.523136686590604
407.8088,98.88539406417108,31.036946159509778
407.973,289.78379024064145,35.727411843104804
408.1372,162.67550159090916,32.81417051651775
408.3014,64.82255944652417,30.57036929734522
408.4656,208.53379024064157,33.66123414029144
408.6298,146.45090270053478,32.91743116698834
408.794,196.7811164438503,33.033531179576585
408.9582,192.412132540107,33.090777512879505
409.1223,87.42951149465247,31.49410018819171
409.2865,98.4402069518717,31.84866626628731
409.4507,121.83726608288767,31.27635781163545
409.6148,435.6059827540108,37.6680584896279
409.779,204.67550147058813,33.677004212586205
409.9431,239.6554479946523,34.56109372019536
410.1072,256.7049132352941,34.90145167518173
410.2714,449.7851271390376,37.45170137969561
410.4355,193.58592933155083,33.07594728454496
410.5996,136.52576881016034,32.73545287565292
410.7637,327.7129346256682,35.74381227662981
410.9278,68.62469839251344,31.224434561244713
411.0919,92.00170367780744,31.14503217089911
411.256,288.08058168449185,34.05788529683734
411.42,514.2329881016043,39.24019839691251
411.5841,192.49100945187166,32.90391997442412
411.7482,136.6300470588235,33.46001508406122
411.9123,151.1648062165776,32.54524750870973
412.0763,204.90143728609613,32.59845205510711
412.2404,230.22362981283408,35.35075139529836
412.4044,144.19154419786094,30.97373929248219
412.5684,170.6755013235295,32.590480140843155
412.7325,210.24100949197842,32.98649320306825
412.8965,672.1621324866306,41.24831193093418
413.0605,174.47897715240651,33.795345000471556
413.2245,104.96427139304814,32.80790891646203
413.3885,45.18753247633693,29.802290306875804
413.5525,117.55116916042782,31.565177879901483
413.7165,446.60865655080244,37.681984201363086
413.8805,84.56854881417115,31.702756825965253
414.0444,193.8720254946524,33.04858133654785
414.2084,251.41614318181797,34.167032980214294
414.3724,227.94956564171105,34.97354267091147
414.5363,125.09127624331555,33.027647422161195
414.7003,150.6113301470589,30.893611511292782
414.8642,149.72630402406423,33.959389458554895
415.0282,84.74100825668461,29.190784612434882
415.1921,132.41346903743312,31.10880548002606
415.356,97.50571499465245,32.622772528415226
415.5199,19.63806748167111,30.615014526121573
415.6838,84.55651798262033,30.71391839097238
415.8477,166.43619675133704,33.17582927369794
416.0116,161.95491284759368,33.29688377680624
416.1755,114.31587530347589,32.0775413451673
416.3394,233.24769398395702,33.972544664401916
416.5033,265.71026082887704,33.81377151249908
416.6671,255.97630360962563,34.77906231621637
416.831,393.940207352941,35.6166967366889
416.9949,50.62202461967918,28.907870705162814
417.1587,135.17817510695178,32.14018234086158
417.3226,156.99635717914447,32.1986860685347
417.4864,88.98967265775407,30.25720862762858
417.6502,262.8840576203209,32.90155686746827
417.8141,63.64341547860969,30.470000273909786
417.9779,234.69689184491958,32.60151410770169
418.1417,77.9722928872861,30.20841989908754
418.3055,146.27042136363644,33.40358866991375
418.4693,97.44956540374336,29.644266123782415
418.6331,293.01507366310136,33.5008876429136
418.7969,184.63405766042794,32.07699189395294
418.9607,194.66614318181817,33.877946225564145
419.1245,372.138068315508,37.21775484890149
419.2882,144.86801463903743,32.478432029764456
419.452,190.36534108288777,31.759205557844222
419.6157,163.65411105614982,32.22235128027101
419.7795,307.22362981283396,34.03705712031599
419.9432,158.64341565508036,31.73230612576761
420.1069,98.88539439438502,32.648868944188365
420.2707,120.69154561497315,31.357233560627673
420.4344,161.82657093582898,32.08844456578985
420.5981,255.28512713903734,35.55272945512241
420.7618,309.3720255347591,35.33514690622877
420.9255,71.6634687639038,31.316090946932498
421.0892,48.052505683729954,30.47170975278802
421.2529,158.34796163101612,32.26905324453866
421.4166,221.79849612299452,31.211044923439903
421.5802,337.67015387700513,34.741969093756204
421.7439,162.29715923796803,30.08553156162755
421.9076,536.2129346256685,39.70036834661333
422.0712,111.41346969439836,30.306485498744603
422.2349,236.30384371657738,33.84698039748546
422.3985,186.83459243315522,32.537662105028886
422.5622,314.92149077540086,35.196138055978295
422.7258,126.55785430481285,31.565062889710216
422.8894,317.4281752673794,36.598081549511974
423.053,101.77844239171117,32.3908398374407
423.2166,194.35731963903746,32.042620079230126
423.3802,156.64207883689852,36.913095439345284
423.5438,415.43218596256696,36.33692905138791
423.7074,248.00972606951856,33.496558076646785
423.871,307.4749667112296,35.99430655447225
424.0346,370.4696191176469,35.292390199612946
424.1981,192.69154427807487,32.19794470263607
424.3617,166.44822882352952,31.9018176803875
424.5252,147.04849652406418,32.05041758133763
424.6888,260.06052820855615,34.60589463459459
424.8524,372.0698864973261,36.5744792161963
425.0159,169.93753359625674,31.934620603954063
425.1794,309.89876350267355,35.93377581412699
425.3429,156.85865632352952,31.843577252641225
425.5064,46.44956484213907,30.45336256127293
425.67,104.48298775267384,31.4762473244743
425.8335,93.93619585882357,30.554292413492206
425.9969,240.07122339572177,34.751806847795024
426.1604,93.34528714304811,33.15140163879106
426.3239,160.72362989304824,33.278208516178964
426.4874,152.33058141711237,32.94316463003728
426.6509,95.82657020454549,30.365945940377014
426.8143,246.85197205882338,36.9305249828803
426.9778,146.785127566845,36.92720083687709
427.1412,126.19288036283429,118.42641528588838
427.3047,700.3880604278074,404.56643961772033
427.4681,783.3893987967908,621.4641381408373
427.6315,874.4161366042782,744.5473617111963
427.795,1245.6968862299461,731.4878139885788
427.9584,1191.686200534761,617.2157919525042
428.1218,1110.703579946525,562.5108734911585
428.2852,1000.8640014705875,568.2729229113148
428.4486,997.0979576203201,614.3550191970877
428.612,753.6514323529403,576.1900774854646
428.7754,383.7196158556149,423.99040801805904
428.9387,323.64074211229934,162.85420345735446
429.1021,342.57256029411735,52.02634417206114
429.2655,113.94421832887696,33.24996958539702
429.4288,214.53111644385007,34.07269117046203
429.5922,270.5217581550803,33.91545411072007
429.7555,322.6634693850265,36.33554355405581
429.9189,235.41748008021372,34.75371131264537
430.0822,161.82523395721935,32.313370548761114
430.2455,474.5017046791447,36.900996306285336
430.4088,275.99100949197856,35.27938281548336
430.5721,233.5418116310159,37.03437311469556
430.7354,175.84261367647073,33.679886348051035
430.8987,128.15678395721926,30.76714893462631
431.062,215.5244319518715,31.833694082975494
431.2253,184.25170471925145,33.77158642964411
431.3886,109.54314866310155,30.979172555609388
431.5518,370.42282767379675,36.30380272824674
431.7151,217.9228276737966,34.39855382496468
431.8784,236.75304157753996,34.66000856698311
432.0416,83.30651636764713,30.885372439920175
432.2049,234.11266724598912,33.72091141795072
432.3681,169.10598268716583,31.492591767550923
432.5313,255.25838917112293,35.708797085326474
432.6945,189.37871002673805,33.42409393111234
432.8578,280.4923463903743,33.823426473474065
433.021,337.41480628342225,34.5630600203677
433.1842,82.9722935203209,31.814378748536843
433.3474,151.6768382085562,31.27416371966839
433.5106,126.9709558823529,30.388603413907187
433.6737,235.55384371657738,35.2856389763816
433.8369,156.93753340909103,31.154620015677065
434.0001,207.29181163101592,35.34365249731881
434.1632,135.20624990641713,32.443721203535844
434.3264,156.09929766042785,32.59897703404475
434.4895,274.758389171123,34.266186167245934
434.6527,161.29715913101617,33.31189836929784
434.8158,266.54181163101606,33.420512583479756
434.9789,88.32389637165787,30.671404180256282
435.1421,114.55384304812847,32.55798437045293
435.3052,60.8626666276738,31.53242147695503
435.4683,128.03379030748658,32.048423316542646
435.6314,233.99502018716558,34.56145867898834
435.7945,227.17817526737952,35.32102670538329
435.9576,222.13405762032073,33.93902999232568
436.1207,194.78379020053475,35.12835041637048
436.2837,210.8011699197859,34.01314654100427
436.4468,173.84395061497332,33.60432443579851
436.6099,288.3653410427806,33.63593518810391
436.7729,136.82924465240635,31.67342519040574
436.9359,189.1808491310161,34.40663265061533
437.099,109.0658751737967,30.94415525170756
437.262,140.10731911764697,33.10029360733086
437.425,172.16614306149742,34.00124427549667
437.5881,134.63806788770046,32.38569739961194
437.7511,233.27175815508002,33.18381407996659
437.9141,158.24368327540117,32.50707908543249
438.0771,198.10731963903746,32.97406024543451
438.2401,169.31186512032096,33.58445818522876
438.4031,239.38673141711214,32.60679406656122
438.5661,169.41881725935835,33.25815835374268
438.729,62.25170426256686,30.95221233286415
438.892,199.38940516042783,34.114630205975125
439.055,280.2984961229946,33.93458448064887
439.2179,299.0271057486628,35.01302069934409
439.3809,428.5150736631017,35.97736934321026
439.5438,317.21694532085536,33.77938320635986
439.7067,445.35330895721944,38.498896582282626
439.8697,168.44421820855624,33.269666172985985
440.0326,194.41614318181817,33.62565137642674
440.1955,72.13806676737968,31.92422284360887
440.3584,194.59929822192512,35.30402930464949
440.5213,98.06320178475937,31.992221761670567
440.6842,237.6527741978608,32.840777314449056
440.847,298.44421804812805,36.11597358572484
441.0099,271.39742660427805,34.12518234505677
441.1728,455.27710574866336,38.24889763596934
441.3357,246.89207901069503,34.495357766847974
441.4985,502.3653410427811,37.25737548566816
441.6614,162.63539426470598,34.12733325804686
441.8242,122.02844233957224,31.686844629041527
441.9871,246.2984961229945,33.36615334539487
442.1499,543.2744319518717,39.310159699603894
442.3127,304.08592927807456,34.2270231525623
442.4755,301.588603074866,36.28498136928595
442.6383,93.15544755347594,32.67372634371776
442.8011,210.7169453609624,33.07947383215876
442.964,126.64876421122987,31.2823124010331
443.1267,197.33993997326206,32.78387690047229
443.2895,286.8011699197859,34.439731480085115
443.4523,167.80384364973267,33.80440129057204
443.6151,214.3840576203207,34.04972874443565
443.7778,85.24769310427814,31.993720921741158
443.9406,270.57256029411764,33.18691643274566
444.1033,138.1260361096256,31.88227162747449
444.2661,120.54047423796789,30.820355973264597
444.4288,90.28913732754013,31.386570115221502
444.5915,254.0952875668448,34.948955035004424
444.7542,447.35063516042806,38.93774754082391
444.917,377.545822326203,36.90568324233632
445.0797,400.4495656417111,37.006485937088065
445.2424,206.04047473262017,34.155984228929746
445.4051,156.11801494652414,32.242885193949135
445.5677,325.98031430481257,37.09497007286454
445.7304,239.8466244652405,32.68855629586694
445.8931,366.89876350267366,36.73667675624188
446.0558,205.5484961497325,32.44762332988476
446.2184,158.32523423796803,31.66689089178757
446.3811,254.77977954545446,33.797706816718865
446.5437,140.4081217914438,31.82194282038472
446.7064,206.89207901069503,33.3215769765147
446.869,125.93619703208557,31.978145629597407
447.0316,310.6246993315506,35.366204743267126
447.1942,139.09261477272727,32.50029936931351
447.3569,255.03111644385018,36.551333507658
447.5195,193.19555494652406,31.493224119117063
447.6821,222.39207901069506,32.48875349379602
447.8447,424.82256029411775,36.83518613375197
448.0072,486.380046925134,38.53074417219844
448.1698,278.9615977272727,34.97010885167809
448.3324,144.4067851871658,31.114510946812434
448.495,234.24368328876986,33.43839265074759
448.6575,203.0912768449197,32.74857425570846
448.8201,645.295822326203,40.42849243247614
448.9826,239.22095601604266,32.00024743165223
449.1451,217.1942180481282,34.243976891310275
449.3077,215.08592925133672,34.0842378647454
449.4702,262.1153410427808,33.48877753093533
449.6327,231.54715922459874,32.4244379456343
449.7952,428.6166779411766,37.48342927423255
449.9577,134.74501965374327,33.72408277640192
450.1202,169.7650736898396,30.986313733222307
450.2827,467.07122339572226,36.92271059071689
450.4452,475.0284426470592,38.552081358370906
450.6077,184.7864640641712,34.04445136296234
450.7701,243.3573196524063,32.62748113919608
450.9326,190.58993997326212,33.94360424730029
451.095,404.3934159090908,36.13181558631323
451.2575,209.10731970588222,34.5790025247192
451.4199,122.48298878342244,32.404912103757
451.5824,248.05919131016026,33.55970631473458
451.7448,96.51373595695183,31.90788633102353
451.9072,142.23165093582884,33.49628589329396
452.0696,339.5551806149731,36.07078662562978
452.232,198.36133032085564,32.3240591017694
452.3944,312.3078544117645,37.56548459564217
452.5568,332.78245334224573,35.09319438302715
452.7192,525.6420790106952,38.49547658582673
452.8816,177.39074209893053,33.55665445246043
453.0439,182.04849608288782,31.563790089115187
453.2063,223.51373676470575,33.53177687548456
453.3687,244.33726617647042,32.71937060449415
453.531,367.6848597593582,37.42463113388688
453.6934,340.43753355614956,35.70898572501503
453.8557,238.4455549465239,33.366335574757855
454.018,306.7824533422457,35.294499329241795
454.1804,179.22095604278076,32.7587226502819
454.3427,316.34395066844894,33.232164570474126
454.505,645.6059827540106,39.13289065539847
454.6673,188.8573196256685,34.0577612372066
454.8296,201.5939506283422,32.966582610199836
454.9919,270.43485975935835,33.87890661901984
455.1541,265.63539451871657,35.95951778971075
455.3164,76.4669446109626,32.26733575735428
455.4787,151.41747978609632,32.29716425064106
455.641,444.5083891711232,35.57524685902007
455.8032,429.6166779411766,37.817539109071674
455.9655,238.2664105614972,33.34817276503219
456.1277,223.20625013368974,32.754757879674585
456.2899,142.2329882352941,31.061713651737882
456.4521,413.0939506684492,36.56127450684919
456.6143,108.3426137967914,31.34932886675671
456.7766,383.6501004010695,35.100055136900856
456.9388,212.46828217914424,32.92698028297491
457.101,328.07790788770023,35.37740134934657
457.2632,148.54983303475936,32.688454185606304
457.4254,230.35731965240626,33.298756382581026
457.5875,275.55785441176465,34.78939760304575
457.7497,415.8479613636364,36.45581327528401
457.9119,454.18753355615,38.10064512795845
458.074,289.8720255347592,34.57725197690422
458.2362,112.5511693850267,32.328326456190055
458.3983,280.6554479946523,34.8858868898194
458.5604,215.00036778074852,33.41188332167538
458.7226,299.19956564171093,36.44695941881053
458.8847,183.2717583422461,32.644299988464354
459.0468,205.75705227272715,34.12333245523592
459.2089,253.88272072192507,34.85092806480777
459.371,230.55250681818163,33.78789416049636
459.5331,118.21427152406407,31.85331580037283
459.6952,172.41480628342256,34.681927504746376
459.8573,223.32389719251324,33.75155060667423
460.0193,386.9134693850267,34.55960075993291
460.1814,228.22229291443836,33.68052360678724
460.3435,348.6487635026736,35.68667538474685
460.5055,438.1407421122997,36.875902278723494
460.6675,138.4910092914438,32.3119175423473
460.8296,135.01507276737965,31.555924073202885
460.9916,90.96694486764713,29.46246868375293
461.1537,116.25036719251342,32.83612445205673
461.3157,248.86534104278056,35.856486508487514
461.4777,168.54314846256696,32.57282997667885
461.6397,244.79582232620305,34.38776302326609
461.8017,424.8198864973263,37.371191354516945
461.9637,438.2650736631017,38.778237232194385
462.1256,198.60330891711234,33.085534476115
462.2876,232.52309505347574,33.89841030649025
462.4496,68.3412765935829,30.61850182812747
462.6115,137.62202582887696,32.31459411931948
462.7735,176.62202562834239,32.15226874460069
462.9354,336.0952875668447,36.413355137036596
463.0974,321.6781752673794,35.830428147090174
463.2593,326.66748008021364,35.423023053540916
463.4212,298.9843249999997,35.336964945557945
463.5832,92.1701535227273,30.759788498205786
463.7451,162.1019719919787,30.853733485012157
463.907,301.60063516042754,35.78486931988189
464.0688,244.36667794117636,33.86496914437839
464.2307,215.68218596256668,30.815350798154316
464.3926,199.91079565508022,32.27621920947273
464.5545,208.95357633689827,34.25026663492205
464.7164,214.1006351604277,33.10714935638652
464.8782,101.7851262299466,31.964129246722326
465.0401,208.60731965240626,32.438567150978514
465.2019,174.16881699197867,32.97062202719604
465.3638,199.1019720855615,31.845020298231702
465.5256,209.62068863636352,33.97149037614182
465.6874,99.8305817272727,31.070573233043618
465.8493,295.91213248663075,33.60031289501551
466.0111,497.7035763368987,36.81101624659067
466.1729,220.61133041443838,33.28930692234713
466.3347,175.79582228609638,33.47366243281914
466.4965,192.9535763502674,33.52088468757496
466.6583,328.3519720588233,34.11214239893593
466.82,179.06854959893053,31.94198109420553
466.9818,235.80785441176454,33.31964455231846
467.1436,174.86266720588245,30.975395846347876
467.3053,174.9615978743316,33.0042048504244
467.4671,71.24368251203211,31.851074556870465
467.6288,92.59796067379673,31.281237894103175
467.7906,248.2891378342244,35.12152180746188
467.9523,152.65945893048138,31.881852036407928
468.114,240.32122339572177,34.17953204349875
468.2757,98.43485950133686,29.43227778634862
468.4374,359.19288114973244,36.44629670936175
468.5991,188.69822885026744,33.68926968841857
468.7608,166.47897729946538,33.07003079124755
468.9225,96.26239965508017,31.217922063865014
469.0842,119.46828171123,31.286117993420334
469.2458,215.5431485294116,32.62886211093222
469.4075,114.0511694385027,32.05671843819097
469.5692,264.96026082887704,33.66391453109383
469.7308,397.0765709893046,37.017302256716576
469.8925,233.83726617647042,33.59046840460025
470.0541,214.70357633689827,32.382480861911894
470.2157,421.70625013368993,36.28856034365385
470.3773,245.72496671122974,33.326674860874405
470.5389,463.88272072192547,39.27075510167221
470.7006,169.7610628342247,31.96567982767973
470.8622,78.71828031697862,30.789485421737943
471.0237,161.3706883689841,33.31285640212943
471.1853,179.38673143048135,33.0628098133067
471.3469,114.27309572192515,32.563185201867675
471.5085,213.12871002673782,33.15163967497501
471.67,243.19822874331535,33.83699772426721
471.8316,80.85063434224604,30.64006302770023
471.9932,117.54983262032087,30.445173476777967
472.1547,278.57389719251336,34.07134980289211
472.3162,411.00170467914444,35.49637315055731
472.4778,291.81988649732597,35.64825377685309
472.6393,181.2450200133691,34.529318258278074
472.8008,79.0819177566845,32.14254369939461
472.9623,263.91881697860964,35.47866991893589
473.1238,329.68485975935806,35.82787211179355
473.2853,117.32924450133689,31.80949395973085
473.4468,208.30384367647045,33.906485703109006
473.6083,321.23699879679117,34.60143124463574
473.7697,341.08325548128323,34.68249569963216
473.9312,319.2383356951869,34.970261473208545
474.0927,312.62336243315485,35.37885246698649
474.2541,267.98165120320857,35.15197959639533
474.4156,108.58860356951872,32.17673410316267
474.577,240.11801483957203,34.278950773761935
474.7384,360.51239986631,34.63023648224692
474.8998,90.42550145855623,30.784829206540692
475.0612,95.41747995909088,30.271825720775055
475.2227,277.9495656417112,36.221924683595326
475.3841,226.33191858288754,33.74028980184153
475.5455,451.1434159090911,37.23431015228419
475.7068,348.30518061497304,36.09534174075754
475.8682,389.75437847593565,35.42793990385473
476.0296,221.3506351604277,32.60254336532061
476.191,150.3292446122995,32.31819634397122
476.3523,165.76641077540117,32.74284711951283
476.5137,211.0297796524063,35.27305040449021
476.675,206.17282763368968,33.09594894829072
476.8364,237.66748008021375,34.71773742392637
476.9977,109.62603533021388,32.32074329292544
477.159,173.76908445187172,32.697436501282205
477.3203,239.33058168449182,33.13620945729535
477.4816,190.87469930481294,33.38105137218731
477.6429,187.61667796791457,31.907720816014205
477.8042,219.86935173796775,34.61677164293642
477.9655,187.77710569518726,33.19507558574766
478.1268,200.4054479946524,34.78426803432337
478.2881,117.05250568181819,32.02623065795912
478.4493,97.04181114839567,33.00427609993207
478.6106,270.089939973262,35.3546768995017
478.7718,85.76908368983963,32.5715826781691
478.9331,74.8118643752674,31.139981372355795
479.0943,158.69822879679157,33.347648619763866
479.2555,160.84528733957228,33.04686486823642
479.4167,236.964271524064,35.33135671037557
479.578,182.42683836898402,31.081802777284906
479.7392,599.7891378342244,38.9784664811992
479.9004,290.4041110962565,35.80887684072317
480.0616,191.93218593582895,33.79966705315878
480.2227,303.15411109625643,36.23266819408818
480.3839,176.6367314705883,32.37197956278154
480.5451,251.71427152406397,32.297637951768834
480.7063,190.38940528074875,31.972362542357544
480.8674,89.09261272727274,31.205599299415034
481.0286,203.51373683155077,34.752370015121784
481.1897,114.76774717914446,31.995078120485683
481.3509,272.07389719251336,36.58875798463564
481.512,130.63940537433146,32.93813280838224
481.6731,239.8773731283421,33.919490072199764
481.8342,105.52042092245988,30.481539321035655
481.9953,164.29582233957225,32.38960804580837
482.1564,208.36801486631,34.08281331352718
482.3175,249.32924478609607,32.29289419961306
482.4786,175.66213241978622,33.31216035871416
482.6397,362.46961911764686,34.87475348491508
482.8008,686.2958223262028,39.61661199900595
482.9618,196.02710582887704,32.94224457862592
483.1229,356.15411109625666,36.58447007434786
483.2839,178.20357636363644,32.4243256652854
483.4449,387.33058168449185,36.40710412100275
483.606,201.90411106951873,33.07127485348556
483.767,617.071223395722,41.06095426798999
483.928,166.97897739304818,32.32200793558194
484.0891,271.1434159090909,33.32788071929245
484.25,420.49234639037445,38.06479344081151
484.411,46.92817446537437,32.55669612486767
484.572,113.45090213502672,32.032539348095746
484.733,60.29314797647061,30.36777623119098
484.894,133.82790767379683,31.242022236235453
485.055,178.84395058823532,34.10621730560095
485.2159,250.18218596256665,33.40085980695856
485.3769,421.75437847593594,37.57469528950142
485.5378,460.43753355615,36.47691523475449
485.6988,515.442881149733,39.19005044908294
485.8597,154.8934155748664,32.65895217622675
486.0206,123.59395000000002,32.82672115081266
486.1815,122.6688170053476,32.261176794290975
486.3424,282.1701538770053,34.55988352375483
486.5034,196.5672127005348,33.359517951642474
486.6642,147.123362526738,31.192504828112828
486.8251,363.83058168449185,34.572421046411165
486.986,172.66748001336904,32.67292426507533
487.1469,235.25838917112284,33.67332300878117
487.3078,309.9843249999997,35.89446561208257
487.4686,79.88539361898395,31.82875172190874
487.6295,144.1861964171123,31.805151635700962
487.7903,371.25437847593577,35.62533351159538
487.9511,495.6046458556154,38.24312486043769
488.112,250.86266724598914,33.50881607291256
488.2728,243.0204212566844,33.88057108808007
488.4336,353.54849612299444,36.26206853314736
488.5944,194.96560843582887,32.00700773217569
488.7552,511.84796136363656,39.89791436015949
488.916,308.98566189839545,35.19685477556921
489.0768,160.58993997326212,32.280241716938335
489.2376,108.9174790695187,30.87590767502369
489.3984,190.48967259358295,32.83863456087654
489.5591,270.77042125668453,36.86794838253382
489.7199,166.2289772459894,33.73905516465725
489.8806,97.99368273262029,33.22655805060784
490.0414,119.83726586898393,33.24316526946998
490.2021,289.81587580213886,33.97046481752106
490.3629,402.3065175133689,36.106271708617236
490.5236,159.80518044117653,33.111628952344276
490.6843,188.32256025401077,33.49182423099346
490.845,115.79047395721926,32.74606544523712
491.0057,456.2717581550805,35.70905380039482
491.1664,377.90812179144365,37.8567815818217
491.3271,115.16079574866308,31.99921417673995
491.4877,164.13940518716586,33.16628979251842
491.6484,104.81854901336898,32.11286286672138
491.8091,446.211597727273,36.26298030325673
491.9697,328.9321859625666,35.444598547104256
492.1304,294.5257688502671,35.214784252802275
492.291,178.76106310160432,31.70704515102913
492.4517,94.20892336898395,31.68594013304745
492.6123,351.7797795454543,37.029616761830724
492.7729,153.47362953208565,32.44457113992983
492.9335,88.19421699548133,31.067710050411744
493.0941,183.60197209893062,32.979793038559976
493.2547,203.56453890374328,32.849118152628165
493.4153,192.1714907754011,32.288704803085494
493.5759,349.4776405080212,34.56072469533285
493.7365,204.15277425133684,32.92896514721874
493.897,511.6741645721927,38.640346255435674
494.0576,295.78379024064145,32.71217637380985
494.2181,553.4375335561498,38.41824358414005
494.3787,132.58726550802132,31.721843623351717
494.5392,178.09662449197864,32.3686315725722
494.6998,278.7182822192513,34.95649506603963
494.8603,385.3225602941176,35.70477739847174
495.0208,124.10330792780744,31.06768269113759
495.1813,238.31052820855598,33.4548099409671
495.3418,711.5872661764699,40.09307874212173
495.5023,312.5578544117644,36.36545188504728
495.6628,144.9281750534759,31.179223411031742
495.8233,293.79715922459866,36.03894479430286
495.9837,270.4910094919786,33.2529266042109
496.1442,273.0979613636364,34.656195898174616
496.3047,221.7971592245988,33.92341760644111
496.4651,114.06052831550798,31.94257934865426
496.6255,163.87336208556164,34.05049250457838
496.786,90.51908416844921,31.034031937879796
496.9464,110.9402073957219,32.30822165610692
497.1068,104.11935181684494,31.159854321693082
497.2672,363.6260362299464,35.637370143523356
497.4276,212.6113303475934,32.151075294985134
497.588,178.88272074866316,31.428670033924913
497.7484,403.13004692513357,35.519604034400395
497.9088,441.69154425133706,36.64153726621815
498.0692,229.1701538770052,34.34358648777827
498.2296,277.1166779411764,36.186552479207286
498.3899,135.14876290106952,30.924914015379553
498.5503,165.4281752139038,32.98601988064593
498.7106,164.07122355614982,33.15701027319495
498.871,234.89074211229928,33.797561739163
499.0313,274.2129346256684,35.10504122506727
499.1916,269.4522394385027,34.899228328782286
499.3519,87.8827197328878,30.763714869580156
499.5122,90.3372655360963,32.46966267789455
499.6725,204.98432499999993,33.74440313150428
499.8329,153.0525064037434,32.81539653537439
499.9931,101.18218568716578,30.554335748170157
500.1534,205.13806838235283,32.59541793048245
500.3137,314.266410561497,34.765736494361086
500.4739,153.9107954144386,33.05097817648643
500.6342,233.84127687165756,33.88993490821958
500.7945,245.01774745989292,32.28501676234224
500.9547,120.28913725935821,31.005896517499288
501.1149,176.6327207085562,32.85031810421872
501.2752,138.9950203475935,32.13376298708877
501.4354,146.66346927807496,31.970001768376918
501.5956,122.70892367780759,32.203644822648215
501.7558,104.3894050106952,31.066749463680488
501.916,129.76106276737966,32.15310402810366
502.0762,254.07389719251324,34.15127245931696
502.2364,221.80919131016032,33.97491262482219
502.3965,284.02977954545446,34.95902949593711
502.5567,166.10464594919796,33.30763957615524
502.7169,135.8025069117647,31.893564135129495
502.877,447.94956564171144,35.4651847260124
503.0372,247.23566189839556,33.91187908862357
503.1973,242.12202553475916,33.700293995534196
503.3575,226.108656550802,32.87507068344447
503.5176,453.64074211229956,36.32265026329646
503.6777,273.31052820855615,33.34224851090888
503.8378,474.97095601604315,37.80060181710284
503.9979,135.7089245989303,32.93330884411267
504.158,110.38405802139036,31.250431740220755
504.3181,360.22496671122974,36.11853495352116
504.4782,339.80785441176454,34.56322514809189
504.6382,584.200902540107,40.14258516117719
504.7983,220.9482287967913,34.419049723748444
504.9584,92.60598279946521,31.4640072729429
505.1184,138.48432447860955,34.05476079351282
505.2784,134.37068898395717,31.875588122427036
505.4385,393.84662446524044,37.24126869796686
505.5985,468.1394052139042,36.89362694777649
505.7585,166.34662449197867,31.52395381378445
505.9185,410.4629346256684,34.58107285498661
506.0786,402.454913235294,36.80477352012521
506.2386,193.99502018716578,34.752641505576726
506.3985,225.66748008021383,33.44137805975544
506.5585,307.7222929144382,34.55939981066517
506.7185,301.72362981283396,33.9709070542185
506.8784,59.678174068983985,29.66209030116006
507.0384,197.82657098930486,32.62069362192999
507.1984,349.00036778074843,34.123328327172416
507.3583,441.4348597593586,36.453773932399045
507.5182,644.954913235294,38.48999354722341
507.6782,423.44956564171133,37.2334897196021
507.8381,278.6487635026738,34.57596514941585
507.998,296.46694532085536,33.28671322201593
508.1579,752.9415442513364,41.51814751702008
508.3178,196.8827207754011,34.62221188561866
508.4777,120.13940465240644,31.563259814072975
508.6376,328.9615977272725,36.20572475173434
508.7975,269.23165120320857,34.28455036663865
508.9574,483.39475280748695,37.99517950315161
509.1172,200.628710013369,32.874156113236296
509.2771,229.25705227272707,34.53867780576974
509.4369,191.8894051871659,33.8893340595647
509.5968,417.3305816844921,36.877268800337085
509.7566,343.02977954545435,36.248901626593884
509.9164,155.27443208556159,32.539536675157954
510.0762,195.71694532085561,33.11209006566885
510.2361,230.27576885026718,35.38414713103816
510.3958,206.63138374331535,32.75923121512769
510.5556,143.1300468582887,31.72480104865606
510.7154,526.6795121657755,38.93477986447051
510.8752,266.0003677807487,34.77231513689345
511.035,525.985661898396,39.21470932346817
511.1947,232.38405762032065,33.63675400619081
511.3545,151.4669451871659,32.1391847938551
511.5143,159.97229287433163,33.14433014271802
511.674,169.93887026737974,34.052445523615276
511.8337,184.53780096256696,34.525033016104146
511.9935,285.397426604278,34.030469703035415
512.1532,268.08191858288774,34.92229122474851
512.3129,234.1206886764704,35.53215712915152
512.4726,188.85731959893053,31.940058097271212
512.6323,425.5658758021391,37.633454545161996
512.792,206.23432494652394,31.786530783020954
512.9517,383.44288114973256,35.54992078174783
513.1113,122.57389663101603,31.642117703010953
513.271,312.28111644385,35.050715564397
513.4307,180.40143733957225,33.6084244034901
513.5903,174.98967251336902,33.619285973730726
513.7499,177.87737302139044,31.627009974088946
513.9096,442.235661898396,37.92702461040145
514.0692,312.5672127005345,35.911462067778224
514.2288,224.7222928877004,33.53819688113236
514.3884,258.63272072192507,33.81080938628822
514.548,378.79715922459883,35.64439448335369
514.7076,402.4442180481282,35.2986618438214
514.8672,367.0672127005347,35.010789495121536
515.0269,201.78780092245987,34.50480691954171
515.1864,132.95223891711228,33.566745444234556
515.346,239.4041110962565,33.67844099772414
515.5056,397.88138382352923,36.400898402667266
515.6651,204.41614318181806,33.50917515415364
515.8246,304.1835228609623,34.32729498245103
515.9842,252.26507366310145,33.32871686664384
516.1437,252.85598275401057,32.88813191420895
516.3032,369.1861966577539,36.14553746663503
516.4628,113.38405683155078,32.515120487161774
516.6223,194.4001003208556,33.9329807241815
516.7817,408.09395066844917,36.63815383892158
516.9412,447.0832554812837,38.04051374170414
517.1007,276.59662446524055,34.92237107926313
517.2602,292.2664105614971,35.87824690248794
517.4197,409.9174800802139,37.255971003823916
517.5792,688.8706886363632,39.56584088075465
517.7386,525.9081217914439,38.2253144440199
517.8981,296.7022394385024,35.996508303345664
518.0575,356.94020735294106,36.27750836731895
518.2169,188.91213244652414,33.67590047677928
518.3763,397.58459237967895,38.221715389316444
518.5358,230.99100949197842,33.85022805128328
518.6952,245.83191858288754,34.5770331178399
518.8546,155.41748013368996,33.038589359367755
519.014,224.7383356951871,34.42020567519579
519.1733,247.07657098930466,33.00463705960217
519.3328,730.0498330213895,41.62111964626903
519.4921,216.3051806283421,33.87691689541684
519.6515,273.52576885026735,34.91499761734685
519.8109,507.6607955882355,38.55155134819545
519.9702,230.58325548128323,34.901261388511735
520.1295,239.79448542780733,34.017256371276005
520.2888,279.74635708556144,33.99591037710934
520.4482,464.14207901069545,36.36447699032818
520.6075,261.7196191176471,34.1184369111497
520.7668,264.200902540107,35.605772698348495
520.9261,404.1447528074865,36.06884381370857
521.0854,240.86400414438486,34.98301534763091
521.2447,328.94689184491955,34.868041755111875
521.404,358.7423463903741,33.65264542254127
521.5632,332.6380683155078,35.549399441126866
521.7225,227.52710574866293,33.93244830656498
521.8818,145.58994010695193,33.145870078480726
522.041,279.0431485294117,34.122068990401026
522.2003,231.81052820855595,35.08544713156497
522.3595,349.95892393048103,36.584415825531835
522.5187,211.22630360962546,33.201620942745905
522.6779,438.67817526737986,38.29380154663697
522.8372,433.4696191176472,36.35432152880417
522.9963,277.3185495989304,35.69750836606397
523.1555,402.2650736631015,37.41481138107019
523.3148,267.81721270053475,34.24032577215584
523.4739,273.2263036096257,35.32221457282743
523.6331,331.4709560160425,34.38890111782069
523.7922,500.3345923796795,39.522064209293134
523.9514,290.44822874331527,33.9727349425487
524.1105,225.08726617647048,34.43344086644305
524.2697,185.74100945187175,32.25282995341264
524.4288,198.29849613636367,34.37042794570645
524.588,399.97095601604263,38.105896454344716
524.7471,364.58592927807484,37.842476785054664
524.9062,274.7396725935829,36.55472882049687
525.0653,333.28245334224573,35.9301557377029
525.2244,331.58191858288745,34.91829680596195
525.3835,629.1447528074865,43.61848686432707
525.5425,725.7115977272721,48.847642483720314
525.7017,629.0217581550801,56.10068253908877
525.8607,1343.2931385026745,103.70428976805489
526.0198,4890.597952673795,400.6562096904906
526.1788,21833.25032433155,1940.242573729238
526.3378,20052.428131818182,1761.2224044609152
526.4969,12676.279728074871,1134.2463441329046
526.6559,9140.214246791451,789.9409246829925
526.8149,8033.672829679155,670.6749917962298
526.9739,15551.000314973262,1367.388764139019
527.1329,16754.85460374332,1488.9515731599904
527.2919,12605.691492780752,1124.6327969222807
527.4509,9930.559101069523,867.5740736193379
527.6099,8050.93484572193,696.0665689322085
527.7689,6300.5471505347605,550.5721521528584
527.9279,5318.6514286096235,454.0294155794387
528.0868,4460.659448930481,393.8999595244142
528.2458,3930.5003580213906,340.2876057517098
528.4047,3542.202229679145,298.4569102190316
528.5637,3253.485652139039,265.437200234898
528.7225,2603.5845827540115,224.21617379952474
528.8815,2626.4816414438515,208.54055227544652
529.0404,2124.92950187166,186.80778321251307
529.1993,2085.1367211229967,169.90892483139922
529.3582,1956.1701435828886,155.15383426631533
529.5171,1875.7409997326213,147.11394449088903
529.676,1692.8880580213922,135.325385219402
529.8348,1568.0752237967934,126.27832518533874
529.9937,1368.3706788770064,112.22111758379259
530.1526,1577.81987673797,107.19109594238071
530.3114,1211.5351173796798,101.5746309992122
530.4703,1133.2303050802143,94.1517304933866
530.6291,1109.95356657754,89.47880960440865
530.7879,1205.0805719251343,85.44860725677329
530.9467,1036.1153307486638,75.45970224329676
531.1055,862.480314839572,65.84206447139469
531.2643,800.0565175133685,64.54287523948527
531.4232,696.4789774064167,58.97277268096604
531.5819,637.445554946524,57.03828584817917
531.7407,657.329244786096,54.326905345651035
531.8995,748.8265709893042,59.18019285090071
532.0582,1149.1393955882356,65.16474101944814
532.217,705.4936832887696,57.02791161703401
532.3757,868.2249667112296,56.97464761257205
532.5345,605.6260362299465,51.03427042397753
532.6932,489.01774745989337,42.74937392914673
532.8519,487.86266724598966,44.242126557984015
533.0107,451.18485975935846,45.52539006908748
533.1694,577.44689184492,48.18218493183383
533.3281,547.5297795454547,47.604938630208174
533.4868,547.658121791444,49.7494247390623
533.6454,588.114004144385,48.19425880074731
533.8041,519.8573196524067,45.72770180063553
533.9628,548.1113303475938,44.92540579520043
534.1215,519.850635160428,43.87634325856056
534.2802,410.869351737968,41.0369697623871
534.4388,326.8626672459891,39.089176257952595
534.5974,308.02844264705857,37.42826786215883
534.756,526.0150736631016,39.788029662904385
534.9147,302.4148062834222,37.63744771254082
535.0733,418.06587580213915,38.75326013058028
535.2319,297.57790788770023,36.79734938208649
535.3905,314.0244319518714,37.4432039558026
535.5491,376.9923463903742,37.59199859624458
535.7077,674.3894052139033,45.4018761789259
535.8663,333.5391378342244,36.342629279873194
536.0248,436.8800469251338,38.79198867402081
536.1834,216.386731524064,35.44671048866369
536.342,286.13539451871645,35.37398082301337
536.5005,472.7851271390378,38.39611293228601
536.6591,361.29983302139016,37.348216391286755
536.8176,285.32523409090896,34.43434000615858
536.9761,367.02710574866296,39.14357353916978
537.1346,278.1581217914438,33.511898586536645
537.2932,358.8880683155079,36.4123162393985
537.4517,375.04849612299455,39.10757418985301
537.6101,265.210260828877,34.947329670926365
537.7686,489.081918582888,40.78398540953885
537.9271,220.64742660427797,33.48529135433515
538.0856,216.75036778074852,34.81530049620053
538.244,281.2837902406416,34.36210608188906
538.4025,312.03245334224573,35.96227182966679
538.5609,376.1501004010694,36.46220741089042
538.7194,315.3265709893045,36.19699412152047
538.8778,365.421490775401,37.68928421844672
539.0362,248.44555494652386,33.514771384556774
539.1946,402.01373676470575,36.63828188726706
539.353,163.43887057486643,30.64183692665306
539.5114,463.71560842246026,38.932824101581105
539.6698,144.99100921123005,33.13403622085417
539.8282,162.4629346122995,33.121896296648586
539.9866,271.88806831550806,36.53820380054516
540.145,262.5431485294118,34.49439929827362
540.3033,287.1046458556148,33.894507546137575
540.4617,301.27175815507997,37.50054016067301
540.62,345.70090254010677,37.65465811058494
540.7783,333.86133034759337,37.66821269688479
540.9366,153.13539462566857,32.775002176881245
541.095,174.94421816844923,34.92474597534108
541.2533,516.1541110962568,36.69311546655957
541.4116,333.1380683155078,32.997014963097165
541.5699,346.78780093582867,35.4041083902853
541.7282,269.93352286096257,35.67083424618635
541.8865,334.48165120320834,34.519574643015
542.0447,205.41079558823517,32.57221413683104
542.203,250.093950668449,34.137954592593616
542.3613,209.66614322192498,34.70949099353698
542.5195,181.9255015775402,31.256860035154403
542.6777,424.9241645721927,36.10939814011258
542.836,394.93753355614945,37.26796559740058
542.9942,367.53111644385024,36.42573706616257
543.1525,160.84662446524075,33.688484208491076
543.3107,162.02844262032096,32.22425583088348
543.4689,111.8399403609625,31.540774096130182
543.6271,141.32790776737968,33.13830499844726
543.7852,357.7878009358288,36.00518161264102
543.9434,517.5458223262034,37.86523699718173
544.1016,302.69288114973233,34.09145865262707
544.2598,282.7570522727272,36.21605500797287
544.4179,269.10197205882355,34.24160626011665
544.576,257.74100949197856,34.47249247516816
544.7342,239.301169919786,34.79175297927419
544.8923,194.2931485294118,34.31417028692663
545.0505,191.1019720721926,32.25509534568084
545.2086,311.32790788770023,35.05660724944518
545.3667,210.09528756684477,34.3103545428397
545.5248,214.77977959893033,33.67243547978158
545.6829,276.84929826203205,35.795086837396326
545.8409,192.70357640374337,32.526514902166845
545.999,215.58058168449182,32.438839633315844
546.1571,202.4990309224599,32.752810253532154
546.3152,223.954913235294,33.96109441583497
546.4732,143.2369989037433,33.038292728191735
546.6313,153.78512685828883,32.633777859057936
546.7893,373.14742660427805,36.379459323162344
546.9473,169.11133038770058,34.27758737747582
547.1053,139.19288044919773,33.54410551419579
547.2634,136.28111557486628,31.12778316669635
547.4214,250.4722929144383,33.635987645255746
547.5793,336.27309505347574,36.28878351766613
547.7374,290.24368328876983,33.88732466886145
547.8953,249.9295121657752,33.424215911014734
548.0533,506.9174800802141,38.51675037226846
548.2113,315.7263036096254,34.66453785786194
548.3693,202.5698864839572,32.643242878152485
548.5272,196.58726614973264,32.85019266481599
548.6851,331.675501470588,35.30626455580486
548.8431,248.3011699197859,33.721885502594375
549.001,189.04582228609635,31.875644118378013
549.1589,230.31186510695173,33.77610093552381
549.3168,329.44822874331527,34.369140855881874
549.4747,351.0899399732618,35.0774351902319
549.6326,373.9188169786095,37.9236394075021
549.7905,87.60063486096266,30.202357584446624
549.9484,235.60731965240626,32.88253326355229
550.1063,517.124699331551,38.34156792369925
550.2641,179.00437843582893,33.582770096855285
550.422,298.56721270053447,33.89386856921334
550.5798,164.52309490641724,32.76833127782802
550.7377,198.21293457219252,34.74568567001633
550.8955,140.5017048262031,31.948781763860648
551.0533,111.87336209090901,31.207043637612923
551.2111,200.76373676470587,34.20426737722683
551.369,335.1541110962565,34.9621304865374
551.5267,196.58058168449202,31.934758639970934
551.6845,231.54715922459874,32.912092847589655
551.8423,185.2263035828878,32.8172097666211
552.0001,461.7423463903747,37.319488040118124
552.1578,381.0792447860961,34.49698341473428
552.3156,152.8412768716579,31.516208066276164
552.4734,445.4161431818184,38.13923722403423
552.6311,133.7704212165774,31.501424649715297
552.7888,343.87068863636347,38.37974723820362
552.9466,190.5271057620322,33.300234430925656
553.1043,269.82122339572186,34.500924487589714
553.262,227.49100949197842,34.88548767566344
553.4197,265.378710026738,33.10229264972683
553.5774,255.21026082887695,36.5789228597684
553.7351,289.9041110962565,35.938706398842356
553.8928,202.6073197593583,33.187484544944176
554.0504,166.57122311497338,33.79266907289188
554.2081,547.2169453208556,39.78383448960583
554.3658,206.25036778074855,33.576168429285445
554.5234,221.4669453208555,33.00540952401018
554.681,285.75972606951854,35.76561613000506
554.8387,146.87469929144382,32.811589608927356
554.9963,492.72897740641747,37.19843840480217
555.1539,307.51774745989275,35.4491709852691
555.3115,300.03379024064145,35.10143558459105
555.4691,339.5685495989303,34.75610517379309
555.6267,158.00304121657766,31.239182476921734
555.7843,224.54314852941164,32.54635820610655
555.9419,416.48967259358295,37.121749292821235
556.0994,209.14475283422445,31.930730131149822
556.257,400.6340576203208,36.25110203457157
556.4146,406.34929826203205,37.45167965926885
556.5721,410.9575870320856,37.30539551041215
556.7297,186.441544251337,34.30168441296033
556.8872,171.15277411764714,31.868886808808448
557.0447,325.36534104278047,35.16422869746037
557.2022,157.39074177807495,32.5873638489203
557.3597,150.10999355614976,33.26967598787725
557.5172,358.9776405080213,38.16019740030061
557.6747,197.12737312834224,34.148811047847914
557.8322,266.5939506684492,32.77959307985447
557.9896,298.15678489304787,35.05898123099921
558.1471,210.83058168449182,34.134505409146726
558.3046,252.66079558823515,34.12533726741662
558.462,173.59127661764708,33.258128078984456
558.6194,154.56453870320865,31.970611113168523
558.7769,186.35197188502684,33.437417821627804
558.9343,247.98699879679128,33.87589968278063
559.0917,170.22229292780756,32.27005761607313
559.2491,156.05651708556158,32.49338993963378
559.4066,150.77042151069531,31.230814240061516
559.5639,300.68084906417084,34.526449592061425
559.7213,159.42149061497332,33.37591562500237
559.8787,109.55518009358286,32.18495443380305
560.0361,164.51507338235305,33.281284026701904
560.1934,180.90277423796798,33.20472478062031
560.3508,154.68619677807496,32.93354714573435
560.5081,130.7543781417112,31.930093966913272
560.6655,211.53780093582873,31.965764049984628
560.8228,152.7624001069519,33.11844784604616
560.9801,201.83592927807481,33.67109536704578
561.1374,307.87068863636335,34.93371361110604
561.2947,124.33726560294119,32.94384599441904
561.452,172.05518070855624,32.75240338271773
561.6093,211.03780093582867,31.604091036262048
561.7666,446.02576885026775,36.57701241673786
561.9238,256.4388704545454,34.28239896272088
562.0811,454.6808490641714,36.757413111125125
562.2383,233.6621324866308,34.52980476251578
562.3956,174.6474266176471,33.649799839442245
562.5529,82.96026043048126,31.18545551581359
562.7101,258.1714907754011,33.90561884915397
562.8673,398.0859292780747,37.57659724980413
563.0245,152.61935183155086,32.370124436787165
563.1817,381.4896725935828,36.12221532571037
563.3389,300.1153410427804,34.56221492569634
563.4961,307.34127687165744,34.78125725284689
563.6533,154.3533087299466,34.17401334479397
563.8105,197.41346945187166,33.5160731634208
563.9677,181.40143720588242,33.336093777840205
564.1248,342.84662446524044,36.261362083875746
564.2819,156.44421783422467,32.759214278711305
564.4391,101.333255815508,30.164005991815184
564.5962,270.48165120320857,34.28585575354493
564.7534,303.87871002673774,33.28396443596302
564.9105,449.3038437165777,36.71164214034676
565.0676,172.18218601604286,32.403051937080164
565.2247,236.52309505347577,34.12982835913327
565.3818,117.38138530748657,33.049997877824474
565.5389,277.8706886363636,33.214227652473355
565.6959,433.0979613636365,36.67995958855184
565.853,258.3172127005347,33.976480717035514
566.0101,205.8573196524063,33.566443218807386
566.1671,320.78913783422433,35.071894031635416
566.3242,237.00036778074852,35.612772284373285
566.4812,321.9442180481281,36.04523079834305
566.6382,117.0578546524064,31.23788417930662
566.7952,104.27710545454549,30.75905658863411
566.9523,352.58860307486606,35.99245247574031
567.1093,203.97764056149722,34.37461479449319
567.2662,156.3198864171124,32.478473317855595
567.4232,324.63940521390344,33.12108205605369
567.5802,287.0244319518715,36.10743028342807
567.7372,102.94020693048131,30.578123739024004
567.8942,390.67550147058813,37.517004093275055
568.0511,240.17282767379663,35.68095629880997
568.2081,192.75437848930483,34.05431757089024
568.365,492.3773731283425,38.04559533193039
568.5219,341.9803143048126,36.993221165550985
568.6788,348.34395066844894,36.51181688458006
568.8358,115.23566135026748,30.951577403300764
568.9927,293.5230950534757,33.48655933124986
569.1496,638.9883356951871,39.82078040877668
569.3065,570.4549132352942,38.37918677393542
569.4633,287.6434159090907,35.61597678452313
569.6202,171.55518060160432,32.39498000884327
569.7771,105.7851274425134,31.944110418172315
569.934,405.662132486631,36.67483959392325
570.0908,117.41480621657753,32.616176537091285
570.2476,452.09127687165795,49.9025552842063
570.4045,258.5712233957219,34.48695441713556
570.5613,132.98298800802127,30.940760749821806
570.7181,509.1634693850271,39.458667856504206
570.8749,172.24234645721933,32.751688762382315
571.0317,325.48833569518695,35.45724055137344
571.1885,135.8426135828876,31.39351609288528
571.3453,334.8399399732618,36.02805522933368
571.5021,501.16881697861,37.95351622156938
571.6588,477.4121324866315,37.535681227295754
571.8156,369.478977406417,35.1599927603396
571.9724,386.17416457219247,34.60248204913695
572.1291,77.43084860508027,30.339566728400122
572.2858,245.78245334224584,35.15657630087205
572.4426,172.23165121657763,34.12009435638282
572.5993,194.2744319518717,33.22043864391375
572.756,126.18753308823526,32.67238071465237
572.9127,218.7396725935827,33.573947172250556
573.0694,288.88806831550784,34.58455331697709
573.2261,231.99100949197842,35.10757271227554
573.3828,395.08459237967895,36.50697996003749
573.5394,208.04983302139024,32.76330584632538
573.6961,204.8238971925133,33.58653213982538
573.8527,170.99368343582896,33.5790196025421
574.0094,265.9388704545455,33.694839257095765
574.166,270.9562501336898,34.73830211119547
574.3226,196.16881696524067,33.19658152556009
574.4792,321.52710574866285,35.915518333734006
574.6359,340.5257688502672,35.630524994218746
574.7925,181.3065173930482,33.97382058753671
574.9491,133.4749665641711,32.31879122188646
575.1057,222.28512713903731,33.056119785045325
575.2623,287.6688169786094,33.75085387793765
575.4188,462.78245334224636,37.23175414037125
575.5754,366.3332554812833,34.40663617639893
575.7319,270.22897740641713,38.2742107654188
575.8885,228.81721270053455,35.33719849304374
576.045,189.33993993315514,35.10879383724872
576.2015,199.14475283422465,33.7295168195048
576.3581,127.77576934491974,31.840355264763986
576.5146,115.41881640374335,32.394009760486576
576.6711,185.99769395721935,33.78587741520199
576.8276,193.72362981283428,32.79416085310888
576.9841,142.14341546791445,32.57826989890116
577.1406,165.52576883689846,34.06809432611064
577.2971,174.87737328877006,32.892612623908065
577.4535,225.34929826203197,35.001241306109385
577.61,126.6447526604277,30.4926339570416
577.7664,331.02844264705857,33.740540558745025
577.9229,224.1995656417111,33.94195645172307
578.0793,241.0431485294116,36.89330926456596
578.2357,239.54448542780733,32.44578542748442
578.3922,347.1795121657752,36.126048050588274
578.5485,294.40411109625643,32.82380139834491
578.705,685.2503677807482,41.09821186035534
578.8613,301.4669453208553,36.15402791790036
579.0177,191.9041112032086,32.390541942478244
579.1741,154.9388703208557,32.63676368118919
579.3304,65.55384292647064,30.53784877902414
579.4868,120.39876283422457,31.194149516426243
579.6431,159.56186536096266,31.289979963313932
579.7995,146.30117021390376,32.0669746333832
579.9558,122.8974261497327,32.03474361077652
580.1121,295.9228276737965,35.897297960032056
580.2684,163.65143759358298,33.216639848957755
580.4247,97.2276400935829,31.08611143114649
580.5811,226.55250681818166,33.55999886465357
580.7374,340.0872661764704,35.20975501993932
580.8936,177.9388705347594,33.088942293725346
581.0499,216.75437847593568,33.07602057092698
581.2062,200.58860307486634,32.13847751880068
581.3624,291.3172127005346,34.14199535373355
581.5187,99.01106307219248,30.943111572180772
581.6749,173.9388706283423,32.12075962363489
581.8312,151.6768385962568,32.237267511645875
581.9874,189.17817526737974,32.184017848904
582.1436,454.2276405080216,38.07178939000395
582.2998,364.13405762032073,36.838942035031494
582.456,373.815875802139,35.07927763714076
582.6122,658.0017046791442,39.535579319706585
582.7684,133.49368327540105,31.449981338333263
582.9246,290.3626672459891,34.61869470022674
583.0807,167.64876332887707,32.15144811077014
583.2369,147.83058144385024,32.88799745954443
583.3931,214.98432499999984,33.65120122332078
583.5492,231.07657098930466,34.29565981132155
583.7053,178.2517047058824,32.49205563111575
583.8615,83.67416485561499,32.15663237611165
584.0176,249.6099934491977,33.06072129565121
584.1737,344.29314852941155,45.0005571230232
584.3298,257.0444854278075,33.06742779780409
584.4859,228.40945868983937,34.074467767829056
584.642,169.76641045454556,33.363421065834835
584.798,369.3573196524064,38.065152515972294
584.9541,233.4602608288768,34.15986346300496
585.1102,157.72229300802147,33.30618657500013
585.2662,232.6621324866308,34.379660549629314
585.4222,209.40945872994635,34.73369544417692
585.5783,291.997693983957,34.32258205369873
585.7343,92.52175781550802,31.16619706316217
585.8903,449.95625013369005,38.22304939152414
586.0463,262.8853945187166,34.76353897536253
586.2023,511.282453342246,38.38424225622515
586.3583,169.58325542780761,33.177480512484095
586.5143,258.5017046791444,34.98272718769727
586.6703,120.651437459893,33.08242677615864
586.8263,172.17416463903754,33.644949521674526
586.9822,307.555180614973,32.781248988941506
587.1382,475.76641056149765,38.454026576756554
587.2941,235.1033089572191,33.607688607946365
587.4501,265.3118651069519,34.670777614256664
587.606,394.54983302139016,36.84720002031753
587.7619,206.37603618983943,32.76311161574563
587.9178,390.20625013368965,36.56829416384217
588.0737,318.7075870320853,32.445003261902315
588.2296,234.714271524064,32.97902848082867
588.3855,240.81854959893033,34.56802570878624
588.5414,172.50036771390378,33.453090045346976
588.6972,163.17416453208568,32.25844058185266
588.8531,112.94020627005345,32.350343378563906
589.009,177.49368324866313,31.89737747685963
589.1648,163.79181179144393,32.954178151205525
589.3206,328.11667794117625,36.59339148732477
589.4764,244.77175815508005,32.988587187562395
589.6323,242.7182822192512,35.42198207662097
589.7881,329.9241645721923,35.43627580805079
589.9438,117.84395057486621,31.41734794218249
590.0997,208.91614318181803,33.559365474901526
590.2554,284.08726617647045,34.44149473248099
590.4113,291.44020735294094,34.14748269078316
590.567,281.71159772727265,33.386535034335076
590.7228,239.42951216577524,34.56540492214908
590.8785,190.87202552139047,33.22734384600114
591.0342,426.4027741978611,35.588526725195806
591.19,271.07389719251336,34.93126919372877
591.3457,119.72496684224602,32.522785280190476
591.5014,102.88405714572202,31.68627155851499
591.6572,330.3332554812832,36.6321784736053
591.8129,201.04448538770058,33.67642494643432
591.9685,404.04181163101595,36.383963248807675
592.1242,135.73165125668444,32.526517493807276
592.2799,368.85330895721916,32.960804826140006
592.4355,187.354645895722,32.61721795044707
592.5912,365.39074211229945,35.811607060591406
592.7469,320.8559827540104,34.84943452055033
592.9025,99.93218587700524,31.531447180940734
593.0582,148.53379020053484,31.7020296274547
593.2137,164.53379014705894,32.17800996997196
593.3694,307.51908435828847,34.265484283639594
593.525,158.63272074866322,33.33304039898033
593.6806,185.7142714839573,33.32142884567087
593.8362,175.84395060160438,33.69493519692222
593.9918,143.44154410427814,31.877275247785004
594.1473,129.98699890374334,30.330578257406483
594.3029,376.83058168449185,37.224125996191596
594.4584,146.99903131016046,32.79618827798412
594.614,309.266410561497,36.158971972052406
594.7695,297.88272072192484,34.370972612518266
594.9251,173.44689175133695,33.34458801236678
595.0806,166.3506351604279,32.206005204106845
595.2361,192.95625009358292,33.04412388902928
595.3917,356.3706886363635,35.699266699954066
595.5471,223.84395066844908,32.78692852524306
595.7026,533.5150736631015,37.63214490688565
595.8581,115.13004689839562,31.990621803572612
596.0135,102.14876350213902,31.816159061869758
596.1691,215.5257688502672,33.03646477866258
596.3245,132.4455542513369,31.8245914354074
596.4799,237.87068863636347,33.24202535156395
596.6354,239.25972606951856,34.234895477817425
596.7908,128.0097257085561,33.36343539428833
596.9462,159.0685497058824,32.272082317692366
597.1017,85.98165006951879,31.968969935235606
597.2571,239.95357633689824,34.881882512494414
597.4125,354.28512713903723,36.78452540211068
597.5679,412.51641056149737,37.256683021687294
597.7232,157.6099936631017,33.07702596862029
597.8786,281.17015387700525,33.61279729030072
598.034,302.492346390374,33.54783497363957
598.1893,607.0070522727272,39.24136724246562
598.3447,248.56721270053455,33.88872022440334
598.5,233.4054479946522,31.894782019737896
598.6553,454.6193517379682,38.54482052737966
598.8107,386.7129346256684,35.71452997040156
598.966,311.4776405080211,34.36782541460796
599.1213,232.00571537433134,34.3520931699459
599.2766,230.34929826203188,32.4137111700778
599.4319,306.8198864973259,33.48226310231597
599.5872,130.63806886363636,30.53679731170496
599.7424,172.1995656283423,31.794262425671384
599.8976,187.48566193850274,33.046178240116255
600.0529,217.24769398395702,31.493113899760644
600.2082,299.6781752673794,35.48966469758529
600.3634,394.0284426470586,37.96990138340007
600.5186,128.7022391711229,31.415297556204305
600.6739,209.8466244652405,32.792101919778865
600.829,840.507052272727,42.19680592295527
600.9843,170.04314866310168,33.89527688990646
601.1395,204.42149078876997,33.23832301360281
601.2947,232.96828221925114,32.875358168059925
601.4498,129.19288148395717,33.547414842571875
601.605,58.51908348221931,30.74180282184456
601.7601,131.06453831550795,32.382427331264076
601.9153,209.26641060160412,35.57261991419126
602.0704,121.313201684492,30.029090742271354
602.2256,372.6594586898395,37.80294845945783
602.3807,245.0244319518715,33.07708532120052
602.5358,156.89475266042788,32.06913013093075
602.6909,203.64207901069506,31.937233909741508
602.8461,286.5484961229945,35.69254231000745
603.0012,95.87603526524065,32.23166552427205
603.1563,144.44822879679154,33.344461974141474
603.3113,133.89207898395716,31.02441072514639
603.4664,201.03111644385027,32.27290256686433
603.6214,142.31052831550807,34.0167083919284
603.7765,149.03378967914446,31.627514782229277
603.9315,314.12737312834196,34.01361877611202
604.0865,303.3599934491976,35.24096368485762
604.2416,76.17550150534764,31.400172663192762
604.3966,241.35598275401054,33.192340152043
604.5516,194.11667787433154,33.7806850363796
604.7066,187.5030415374333,32.16463603057912
604.8616,272.70892393048126,34.756939046533525
605.0165,217.65010040106932,32.58716204763724
605.1716,509.21828221925153,37.0227867734824
605.3265,260.20090254010694,33.96379521574656
605.4814,185.2383357486632,33.495580248165204
605.6364,291.51106296791426,35.70054085473789
605.7913,215.25972606951856,32.51589283490428
605.9463,329.9923463903741,35.685272911533545
606.1012,140.16480636363627,32.07176054623962
606.2561,243.32389719251324,33.6182642111261
606.411,237.27309505347577,35.35670830706926
606.5659,249.9950201871656,33.256850767028965
606.7208,298.03913783422433,34.60072667214802
606.8757,429.88405762032096,36.47851873237639
607.0306,125.10464618983953,32.37288522280707
607.1854,163.89742668449205,33.097138784667365
607.3403,88.75304172098933,31.548399476115357
607.4951,217.2837902406415,33.4276572675039
607.65,223.68218596256673,31.908995233444056
607.8048,220.61400414438492,34.344664336227474
607.9596,167.90945871657763,31.715077293078558
608.1144,284.7009025401068,33.601625993289545
608.2692,220.00437847593568,34.932784048799846
608.424,123.09395013368993,31.013522788257617
608.5788,214.12871002673785,33.228301851421826
608.7336,230.3466244652405,34.801990600965944
608.8884,165.9468919117648,31.936564073946467
609.0431,270.69555494652406,33.926706773354965
609.1979,417.4335228609626,37.26757487015268
609.3526,275.77443195187163,34.43348326554338
609.5073,472.2931485294121,37.095350665290496
609.662,625.3466244652406,40.94107259576536
609.8168,285.8706886363635,33.23454323338674
609.9715,297.56052820855587,35.01881762765522
610.1262,96.7022390828877,30.471629479799795
610.2809,104.63940455989311,30.935525506915816
610.4355,216.86534104278059,34.148455569354354
610.5902,186.29983299465255,33.42274940834939
610.7449,261.21159772727276,33.86312419679098
610.8995,374.3640041443849,36.57608113607974
611.0542,460.4348597593586,37.952036374508545
611.2089,293.45357633689815,35.99991609444244
611.3635,353.8011699197859,37.21245705912911
611.5181,177.17282764705888,33.056715861133206
611.6727,292.63673141711206,33.80668847874433
611.8273,145.89475315508022,31.869498915105773
611.9819,134.2744323262031,31.65395093346611
612.1365,340.6835228609624,35.80590981574446
612.2911,115.6928804278074,31.227627730898572
612.4456,298.7049132352938,36.576505293382155
612.6002,205.20892393048118,31.737411097255556
612.7548,210.9041110962565,33.525423511691194
612.9093,158.37202561497335,33.46311327950172
613.0638,275.47897740641713,35.00274302327535
613.2184,231.57657098930466,33.835286292473256
613.3729,293.8880683155077,35.11420484576139
613.5274,196.28780082887704,32.850113851747466
613.6819,150.85063526737974,32.984493922575155
613.8364,130.12336225935832,32.818287437746605
613.9908,197.75036779411766,32.546493376047906
614.1453,322.7303143048125,35.05219492839809
614.2998,223.9495656417111,34.600114657954876
614.4543,138.9442175721925,33.06513829720848
614.6087,317.17550147058796,34.94693069034314
614.7632,98.41881810561496,31.724306029236963
614.9176,152.70223965240652,31.98233903572108
615.072,398.3867314171122,37.869265229444416
615.2264,149.60464558823537,32.293930231149375
615.3809,124.3746993508021,32.051708371830635
615.5352,169.56587561497335,31.58335552030688
615.6896,153.31052790106952,32.38526369512511
615.844,145.84261358288765,34.18522347001512
615.9984,99.00170367914434,31.21410250232903
616.1528,322.90678489304787,35.799941306552576
616.3071,237.0819185828876,33.56512474207527
616.4614,146.58191864973264,32.419484271377556
616.6158,199.55116986631018,32.80871907522823
616.7701,180.49234640374337,33.314624153785815
616.9244,231.69822874331533,32.52697608691692
617.0787,261.5551806149733,33.521034082663625
617.233,325.06052820855587,35.320380594801065
617.3873,257.08993997326195,34.84557056171183
617.5416,148.97897758021395,31.636984139262903
617.6959,172.02710570855626,33.52747776423473
617.8502,322.16079558823503,33.90312193118105
618.0045,105.60999287433171,31.73701192144989
618.1587,244.00036778074852,34.31987040766189
618.3129,420.1033089572194,39.05658406384286
618.4672,210.97095601604258,33.97362696751992
618.6214,204.08325548128335,33.82753637485224
618.7756,193.3653409893048,34.03683972422363
618.9298,184.18753354278084,30.997070037221384
619.084,73.9722918061498,31.63526929190955
619.2382,168.4388704679145,34.54864087653617
619.3924,197.29448540106955,31.380484130635807
619.5466,372.1982287433154,36.14409604598453
619.7007,176.61667784759368,33.40410934463087
619.8549,554.6193517379679,37.68630124687179
620.009,274.49234639037434,33.76533613520688
620.1631,201.82523409090908,31.29983778158777
620.3173,466.1701538770057,37.32855448534441
620.4714,239.89475280748647,34.673934988959836
620.6255,418.9535763368985,37.43929615468085
620.7796,335.6728276737966,35.26054439253732
620.9337,216.69689184491958,34.308144193347346
621.0878,267.604645855615,33.39158119456694
621.2419,396.97229291443824,38.13583781759413
621.3959,299.26774745989275,33.16754050303936
621.55,659.3426137700532,40.704645857539674
621.704,152.60063482620328,33.04371394457619
621.8581,282.3051806149732,34.82955815999336
622.0121,343.0378009358287,36.60472134273222
622.1661,69.32656989304814,29.641779341838983
622.3202,276.80785441176465,34.63867695131495
622.4742,496.03245334224647,38.18627996037877
622.6282,184.86935173796803,33.61009258514396
622.7822,266.59662446524067,33.87751109347889
622.9362,197.0458222727273,33.03332203186318
623.0901,299.16480628342214,35.75056120312436
623.2441,123.6019711229947,32.280040628902015
623.3981,343.23165120320834,34.28693079430879
623.552,345.7771057486629,36.676116733372325
623.7059,210.69956564171105,34.09512173676113
623.8599,286.46026082887687,36.06296965742857
624.0138,162.74100957219255,32.92207977933782
624.1677,140.31320171122996,31.69130817794978
624.3216,266.1353945187166,33.62081530157601
624.4755,241.0872661764704,33.239438758687285
624.6294,169.44288097593594,32.237802772441206
624.7833,195.14742661764708,32.833942158310464
624.9371,381.9188169786095,35.81803636796644
625.091,301.45625013368954,34.56359008851619
625.2448,341.92015387700513,35.00998719593171
625.3987,150.53512709893056,31.970617336853305
625.5525,471.0752340909094,36.18844714916672
625.7064,260.5003677807487,35.78197701304424
625.8602,83.44555451871662,29.950798817087232
626.014,180.5297794251338,33.84433347957645
626.1677,223.56854959893036,33.987470196910856
626.3215,167.66881689839582,32.27112050708665
626.4753,152.5565170855616,33.33247540508693
626.6291,241.07256029411744,32.30090026075759
626.7828,144.68753346256688,32.58722590160496
626.9366,164.73699883689847,32.425825058436814
627.0903,245.82790788770035,32.63362356438913
627.2441,156.6487637299466,33.58083190037156
627.3978,169.4509026470589,32.52807590084169
627.5515,147.07657073529415,31.38885615706189
627.7053,279.66748008021386,34.193453145616
627.8589,328.8279078877003,35.1837372231514
628.0126,306.36935173796763,34.173967853401784
628.1663,272.06052820855615,36.052733847680955
628.32,112.25571516042777,30.62659361267144
628.4737,248.7343249999998,32.827261957727075
628.6273,249.17416457219232,33.90602609755253
628.781,261.08860307486634,33.77626456060859
628.9346,134.30384371657755,33.42204279241686
629.0883,237.17817526737952,34.202559531801356
629.2419,270.0378009358289,33.8550878753492
629.3955,192.17416453208557,32.71433215059117
629.5491,279.5591913101604,35.30133432795681
629.7027,144.91213229946518,31.301696325402105
629.8563,344.70625013368965,36.757029369450954
630.0098,259.8760362299466,34.77550332734503
630.1634,472.85598275401105,39.005068059511935
630.317,232.4054479946522,34.745254814647545
630.4705,420.4696191176472,39.082010790740014
630.6241,223.61400414438492,33.81328924074739
630.7776,502.35999344919827,36.30327661599247
630.9312,209.93218598930463,32.675409411837954
631.0847,155.40143715240652,32.01249511010386
631.2382,104.96560845481282,30.91703986598035
631.3917,127.5204215949197,31.354795642524632
631.5452,198.49769398395725,33.06906860503486
631.6986,115.29448374732621,32.0200415879364
631.8521,145.15812180481285,32.45841154566814
632.0056,95.04715918181819,31.08752655202658
632.159,193.68084905080215,32.164203397275266
632.3124,96.12603577058817,31.716689570499017
632.4659,170.87469925133698,33.15391164275746
632.6193,118.24368268716576,31.3527181773704
632.7728,438.97362981283436,35.99614332748931
632.9261,396.6567848930479,36.488214747012435
633.0796,260.4054479946524,33.84247004462195
633.233,162.1607955213905,31.525224515447313
633.3864,214.86133034759342,35.40536028533503
633.5397,92.69421794117645,30.66629304748508
633.6931,172.48298807486637,32.700278947693306
633.8464,236.30384371657738,33.40558303855165
633.9998,157.09528760695196,30.75341162313796
634.1531,455.2771057486633,37.36028903267676
634.3065,358.4361966577539,35.893151913991325
634.4598,96.42416422058827,32.018267475371324
634.6131,305.00571537433126,34.61803711812188
634.7664,144.7757690641712,32.08979260449335
634.9197,119.26507300802145,31.32968962319487
635.073,336.95625013368965,34.555510607636776
635.2263,238.90010040106935,34.28521334454086
635.3795,165.989672553476,32.40296788387497
635.5328,438.87336243315525,38.35105293362548
635.686,377.5538437165773,36.9886984824829
635.8393,182.8947528074867,32.1748957992653
635.9926,639.9963570855614,40.17787185036902
636.1458,517.9682822192515,39.45556054531
636.299,364.2490308823529,36.58316836938585
636.4521,160.46560862299475,31.6001253258468
636.6053,507.2490308823533,40.04421520682504
636.7585,274.64074211229945,35.296963964647695
636.9117,349.27309505347574,36.419695902360544
637.0649,117.35464525401078,31.55591772032247
637.2181,248.86801483957203,33.75184182319377
637.3712,361.96828221925114,35.54526426439977
637.5244,287.07256029411747,35.498153994815176
637.6775,333.53379024064145,33.496409422837466
637.8306,839.8118651069517,42.60190317476651
637.9838,287.83993997326183,34.22339464632283
638.1369,429.10330895721927,35.428571173408955
638.29,278.0618651069518,34.278628496222844
638.4431,325.5257688502671,33.94940109225715
638.5961,145.64207866310167,32.621948884098906
638.7492,157.0658760026739,32.005175938749375
638.9023,130.81721247326197,31.293364089770773
639.0554,321.57790788770023,36.22155134061167
639.2084,183.23432510695199,33.197325720342015
639.3615,102.22897758823531,31.940675914273122
639.5145,184.90010037433166,33.99966063652866
639.6675,124.34394993315514,31.51492790043212
639.8205,258.5444854278075,34.45845761167453
639.9735,237.464271524064,32.940574420722434
640.1265,278.0431485294117,33.872567363024935
640.2795,206.14876351604264,34.28517048161331
640.4324,189.68084907754016,33.597840096802926
640.5854,212.37068864973244,34.16606482720338
640.7384,111.92550068181819,32.33827629101017
640.8913,156.53646395721935,32.231715554160544
641.0443,192.4054479946524,33.69432604117582
641.1972,304.20625013368954,37.09600347110895
641.3501,194.89074212566848,33.75412782717746
641.5031,378.4682822192512,38.0476160241347
641.6559,63.79448471069521,29.67846707103889
641.8088,217.03913783422445,32.33598422499195
641.9617,253.87737312834216,35.91286579182852
642.1146,244.96293462566828,32.67998428130778
642.2675,93.86801389572193,32.36783942704547
642.4203,115.7597249866311,31.38386769041191
642.5732,248.6541110962565,35.72832022007233
642.726,61.17550070815509,31.6232516663256
642.8788,55.51239895314174,31.711015258667686
643.0317,77.94421811216583,31.61731488935915
643.1845,68.14876287245997,31.81714918056093
643.3373,143.13405790106953,32.15493647317313
643.4901,377.32924478609607,35.45446324673443
643.6429,398.8198864973261,37.40148572835467
643.7957,289.42416457219235,32.6394234388623
643.9484,393.22630360962546,35.763016611973605
644.1012,169.44822854278087,32.52389439595028
644.254,334.9482287433153,35.38032259188128
644.4067,128.70223986630998,30.469061349694865
644.5594,277.9990308823529,33.75651354238484
644.7122,122.14074217914441,33.97678662984196
644.8649,66.2543776847594,30.558611962229474
645.0176,86.03379044919785,31.122555897551667
645.1703,207.73432499999984,32.12405240473685
645.323,128.31453902406417,31.04880216293938
645.4756,72.43619535949203,30.922004630137998
645.6283,224.78913783422453,33.06512192295965
645.781,410.6514372994652,37.402537633603934
645.9337,193.48165117647056,33.50228139220298
646.0863,220.41079558823517,36.09446633544589
646.239,323.99100949197833,79.96320362037565
646.3915,552.138068315508,41.86644001688835
646.5442,152.4522392914439,32.94499794610705
646.6968,118.62603611564158,31.821738962773967
646.8494,60.32924367152409,30.463658946780864
647.002,130.61801459893044,32.992895812275385
647.1545,369.710260828877,36.23816383219417
647.3071,176.7075872192514,31.976697896474807
647.4597,143.05651741978608,30.904232560419697
647.6122,217.12469933155066,34.288727975662916
647.7648,204.15544799465238,33.54532829482938
647.9173,388.60197205882343,37.69336631911469
648.0699,140.361330026738,31.463082438624763
648.2224,141.42416474598932,31.9648179336642
648.3749,435.67683836898414,37.91895438568915
648.5274,256.1046458556149,35.37721064035572
648.6799,374.03245334224596,37.646692105364934
648.8323,277.1581217914438,35.496237697105556
648.9849,145.91213267379683,30.684067527433125
649.1373,214.02175815508005,33.9488814804648
649.2897,151.3506350133691,32.47607087760344
649.4422,234.18352286096237,34.59217967016472
649.5947,216.70357633689824,33.06107104404391
649.7471,300.5525068181815,36.0531360286968
649.8995,163.06587582887713,32.55234094242323
650.0519,66.42282656377014,31.581573595218927
650.2043,172.37202573529422,33.449096487804894
650.3567,115.30517979946524,31.24620226912394
650.5091,209.5792447860961,32.18130492076415
650.6614,225.6260362299464,34.35909499456517
650.8138,217.02844264705865,33.19713016147678
650.9662,310.84395066844894,34.03328592217077
651.1185,81.91079515641718,30.627765517450577
651.2709,67.3960887096524,30.490316286226168
651.4232,112.7396719171123,33.13062463830816
651.5755,275.8038437165775,35.02928127944016
651.7278,349.9562501336896,36.24307317608984
651.8801,540.6340576203208,39.18084210441902
652.0324,202.8479613903743,32.45771851333658
652.1847,578.2864640374332,39.845634747121224
652.337,54.0912756851604,30.925819813827175
652.4893,131.20090201871645,33.31849819325986
652.6415,152.35999330213915,31.67084885937417
652.7938,299.8332554812832,34.00532526987536
652.946,164.1888704010696,31.994349826814382
653.0982,185.49100947860975,31.508081872386793
653.2504,164.51641065508034,30.70355728219603
653.4026,162.4696190775402,34.49883285110719
653.5549,89.1153407898396,31.947585944302904
653.7071,296.42550147058796,33.780322545064685
653.8593,349.40411109625643,34.36949315586233
654.0114,190.5271057219252,33.187737030870295
654.1636,294.166143181818,33.253849365512515
654.3157,145.4054477807487,30.374276649546854
654.4679,459.22229291443875,37.472818397074484
654.6201,408.55116991978605,35.21277494527715
654.7722,100.6768373609626,31.223208164560415
654.9243,65.13004605721933,29.948144660169017
655.0764,275.7062501336898,35.37830957315649
655.2285,168.77576887700545,31.636091210398387
655.3806,283.2610629679143,34.378592929205624
655.5327,100.6714915735294,31.005517080533753
655.6848,229.10598272727256,33.70051173827142
655.8369,351.3746993315505,37.08991666834503
655.9889,197.8238971791444,32.976985236084985
656.1409,213.45491323529396,32.55152077252287
656.293,163.70357627005362,33.61263624476483
656.445,89.20090167152412,29.810300496615486
656.597,279.1019720588235,35.130481565384656
656.749,173.18084910427817,31.723385877563835
656.9011,269.7864640374332,34.863048945281605
657.053,203.84528756684483,32.7743638980575
657.205,55.67015268689842,30.556261736032383
657.357,202.58325548128343,33.73421648966922
657.509,150.06988681818189,31.890797245147464
657.6609,59.95892342791445,30.51445117259301
657.8129,237.93485975935818,32.038743832077465
657.9648,760.924164572192,39.82813735042374
658.1168,195.46694526737969,31.52385765437323
658.2687,248.50036778074846,36.249710710836325
658.4206,176.17416457219267,32.821941847372976
658.5725,267.18619665775407,33.62513501020818
658.7244,159.74635704545466,31.996310073051113
658.8763,282.90544799465226,35.32403508033887
659.0281,233.1861966577538,33.64751621680988
659.18,90.43218523717916,32.421738023199765
659.3318,139.59395049465235,33.99672325745159
659.4837,259.95090254010694,34.40706021860757
659.6356,261.0043784759358,34.413099667268014
659.7874,160.9963572459894,32.45410349127626
659.9392,279.10598275401065,33.50008985566857
660.091,97.40143700133694,31.880579209294538
660.2428,75.56320090066849,31.580979578118658
660.3946,502.38272072192547,38.33826933425672
660.5464,401.8132020053475,37.196476180329924
660.6982,142.66747978609627,31.974057953529435
660.8499,241.2918116310159,34.74458513132105
661.0017,116.50838950401076,32.434136363530094
661.1534,129.08058213903738,32.12117856876953
661.3052,228.0244319518715,33.182177682942864
661.4569,538.1835228609627,37.54432665278296
661.6086,410.70223943850266,35.57243534656167
661.7604,234.25705227272707,35.193422495217234
661.912,248.99100949197842,33.9857763563755
662.0637,234.27576885026718,33.236744265884035
662.2155,356.5966244652405,35.39457522292658
662.3671,528.3198864973263,37.00005458066407
662.5188,394.10063516042754,35.906257874781964
662.6704,178.9148063101605,30.9900570371076
662.8221,321.44288114973233,35.12171691486218
662.9737,269.3292447860963,33.45127875471363
663.1254,279.5966244652406,33.42279870112556
663.277,311.36133034759337,34.549499968096356
663.4286,146.47095570855615,30.912014234373217
663.5802,108.71961894385028,30.835781315402585
663.7318,246.8666779411763,34.16197148769577
663.8834,281.9763036096256,36.01604587683044
664.0349,180.33191852941187,32.264433993493114
664.1865,177.11667791443858,32.66473707582944
664.3381,258.25972606951865,34.994471333807
664.4896,159.1795122459894,32.24627834782817
664.6411,94.91614248395717,31.205197242964328
664.7927,321.56587580213875,36.11257355094834
664.9442,318.05250681818154,35.15434891100189
665.0957,118.8559829278075,30.532441095988883
665.2472,355.30384371657743,36.10594233808991
665.3987,70.74769297366316,29.89896748331066
665.5502,261.5832554812834,34.26998291467923
665.7017,373.98833569518706,38.03083002535653
665.8531,84.15411028382361,30.67383501732484
666.0046,231.94689184491958,34.59926769252469
666.156,377.65143729946504,36.17168011465174
666.3074,234.6033089572191,32.43041813972312
666.4589,106.70090164438501,30.879775528161858
666.6103,295.2690843582885,34.17497972341705
666.7617,229.0672127005346,31.99117770497408
666.9131,324.3412768716575,34.06908395486718
667.0645,219.38272072192498,33.90635789523904
667.2159,151.52977927807495,30.832366682850434
667.3672,277.5752340909091,33.62766498856898
667.5186,189.56186513368988,32.55330369759315
667.67,184.74234645721938,33.136307563084266
667.8213,270.62068863636364,34.86909213359316
667.9727,321.94956564171093,35.24988052529787
668.124,179.33726604278078,32.167798932408964
668.2753,687.9669453208552,42.94719740965964
668.4266,229.47095601604258,34.408268886250944
668.5779,282.527105748663,35.17584701950405
668.7292,71.55384265909096,31.72353739994378
668.8804,159.71427156417124,31.377730242541695
669.0317,324.0912768716575,36.712546794881426
669.183,193.23432494652408,34.321627501994314
669.3342,256.46427152406415,35.066175001627954
669.4855,136.5605281550801,30.845905208866714
669.6367,218.73165120320837,34.08980594662368
669.788,117.69956568181806,31.5261076459384
669.9391,159.7730952673798,32.85913084227021
670.0903,170.07657092245998,35.14787041328007
670.2416,145.06320164438503,31.722902248199386
670.3928,122.17550132352937,31.214628306854756
670.5439,274.9883356951871,33.82426865365123
670.6951,208.02042125668433,33.78380379304563
670.8463,140.3920787032085,31.468121725609823
670.9974,120.96961842245987,33.62405589625947
671.1486,115.61133001336903,32.75729430404411
671.2997,139.59796141711234,32.48387589273483
671.4508,341.09662446524044,34.2690006909645
671.6019,515.9161431818183,39.834324352500076
671.753,241.1581217914437,36.11609661854383
671.9041,92.27710525401066,32.46522191872425
672.0552,125.14207939839572,33.00503453340057
672.2062,146.00972621657752,30.69128768038248
672.3574,454.6273731283424,36.48664271553309
672.5084,151.87737306149737,34.40874261109183
672.6594,222.91748008021383,34.63936421107941
672.8105,327.10999344919765,35.42597997771168
672.9615,124.67282699197857,32.276668183750566
673.1125,213.13806836898377,34.22521502009993
673.2635,128.755714973262,31.74437031310504
673.4146,355.00571537433143,34.824742142099765
673.5656,276.7356618983957,34.12869661656871
673.7165,371.81052820855604,36.621015943331045
673.8675,311.1942180481281,34.06331970880503
674.0184,300.5752340909088,34.59530256278643
674.1694,345.0738971925132,35.06141837569516
674.3204,105.01774653743321,31.81801571670625
674.4713,201.80651751336893,32.412568579860356
674.6223,204.51373676470575,33.42031234185302
674.7731,284.9335228609624,34.42318036548713
674.9241,277.614004144385,35.57557843453573
675.075,284.1420790106951,32.81000235065501
675.2258,188.10999340909103,31.874166779089176
675.3767,159.26774745989312,31.756495779380906
675.5276,428.98967259358295,38.380097028736714
675.6785,167.6688170721926,32.89400424731258
675.8293,81.65945806510696,31.989205003316965
675.9802,41.31320089771395,29.979194784689916
676.131,138.92550228609625,32.23824836144244
676.2818,107.85197245347594,31.884009380775968
676.4326,127.09127635962554,32.23861284984681
676.5834,160.88539449197873,31.867451324206122
676.7343,331.2142715240639,35.60241405777775
676.885,160.04181160427817,32.66117689979878
677.0358,212.3292447860961,33.23493725496739
677.1866,53.16346875254008,30.613487069415697
677.3373,199.71427157754013,32.854828768444335
677.4881,284.6260362299464,36.13094628238439
677.6389,140.17550117647053,31.635175255816154
677.7896,356.12202553475925,36.788116822527826
677.9403,327.3640041443848,34.0594928378391
678.091,523.1287100267382,38.08146080507346
678.2417,188.38940537433163,34.6411771726048
678.3924,85.2958217286097,29.767208241346506
678.5431,420.4602608288771,37.428988583754716
678.6938,171.50972610962575,33.49859711286062
678.8444,363.05785441176454,36.71352580656168
678.9951,218.13004692513354,33.24738961596817
679.1458,135.54181151069517,32.595067586768856
679.2964,318.19956564171093,34.863912889415595
679.447,141.72362979946524,31.70140090736183
679.5976,307.91213248663075,35.78367481879397
679.7482,142.71026058823531,31.717001406350384
679.8989,142.00304181818183,32.01230371767287
680.0494,303.61266724598903,35.14058018815794
680.2,288.6594586898394,33.893701986014726
680.3506,220.10598275401057,33.353615475953845
680.5012,448.69689184492,36.29079517200488
680.6517,152.46159792780762,30.94016308513791
680.8022,131.35999355614976,31.997416848891937
680.9528,255.29983302139033,34.185797917511984
681.1033,216.26239986631,34.80745327918832
681.2538,256.4295121657754,32.7802789756476
681.4044,112.92416474598923,32.355526591246466
681.5548,106.34394999866308,31.765832679377308
681.7053,103.24501930481287,30.030384980987485
681.8558,333.90411109625643,36.19417455112706
682.0063,169.39074204545463,31.000412874388758
682.1567,271.7410094919786,34.59549194261776
682.3072,446.2918116310163,37.764238287089924
682.4576,193.85464584224604,32.94492386622377
682.608,135.44154441176468,33.17899572829605
682.7585,137.6367312700534,31.46809412806242
682.9089,289.8693517379677,35.258886673021514
683.0593,128.9148059625669,33.35093407975641
683.2097,177.1447528609626,34.37903742676461
683.3601,140.5230953208556,32.52226968287501
683.5104,161.25838886363644,31.839892616462787
683.6608,360.31052820855604,35.975679402256866
683.8112,105.77710596256694,31.190293876478002
683.9615,182.33058180481294,32.904465440843275
684.1119,392.82122339572174,38.811752037942405
684.2622,228.36534104278059,33.19858265744084
684.4125,219.09796136363622,33.097742095244776
684.5628,188.2423464304814,32.82559016823052
684.7131,175.0083890508022,31.768266090981534
684.8634,296.21026082887676,36.05856265605317
685.0137,234.0645389037431,33.91210811088671
685.164,295.9843249999997,33.38149649777644
685.3143,366.1073196524064,36.88859444127302
685.4645,402.76239986631003,37.0507732988474
685.6147,141.7717576604278,33.37661151326362
685.765,102.61400402272737,32.729543226505555
685.9152,122.2476937700534,32.85611007897252
686.0654,171.44822890374337,33.246427875441135
686.2156,362.7356618983955,37.22889428513261
686.3658,307.0859292780746,34.283459335855994
686.516,238.85731965240626,33.107645598991304
686.6662,352.9669453208554,37.374519595703205
686.8163,71.42015297994656,30.19922118917116
686.9666,118.9255018516042,32.45111851634411
687.1167,182.15812177807496,32.66635665446641
687.2668,241.60865655080198,36.67425998800395
687.4169,159.14475272727285,30.913613160309662
687.5671,244.17416457219238,33.61798284232039
687.7172,122.53913770053475,31.920381251748513
687.8673,319.8974266042778,34.82610508297921
688.0174,445.3840576203211,36.720052165679675
688.1675,180.47496673796803,33.439456805608785
688.3176,192.94020735294117,32.57865823475609
688.4676,179.07389716577546,31.813268500508563
688.6177,64.79849532125672,30.841835629592442
688.7677,151.39475258021398,31.274979574457912
688.9177,373.04849612299455,34.766490182413875
689.0678,178.71560834224604,31.55635145976842
689.2178,448.7650736631018,36.96541906880987
689.3678,379.10865655080204,37.28525834847001
689.5178,258.6340576203208,34.85056708333676
689.6678,272.7704212566845,35.596811748978276
689.8177,207.33459233957205,33.30997956659527
689.9678,101.22764108823536,29.47519207854275
690.1177,259.8599934491979,34.5756050805349
690.2676,142.7062500802139,32.8715835949287
690.4176,126.97630407754005,32.24691985381977
690.5676,218.51373676470573,35.23142270524398
690.7175,108.3332556550802,31.447343108086574
690.8674,158.5070520588236,33.64323194431602
691.0173,146.9268384090909,32.125206742974655
691.1672,262.41346938502676,33.60479356385169
691.3171,286.2450201871656,35.67438999227069
691.4669,57.27443099224599,29.976599872529402
691.6168,140.4402072994652,31.13725196591404
691.7667,209.68084906417096,34.00983918013029
691.9165,153.1688173128343,33.168890633559165
692.0663,130.16213262032073,31.618842769931877
692.2162,224.35330895721913,32.771122201859725
692.366,274.65945868983954,33.502632812976294
692.5158,209.90143729946507,34.0846404745482
692.6656,110.24769377941178,31.59854672076702
692.8154,350.53245334224573,35.76166792448594
692.9652,140.93084867647053,31.31303730221301
693.1149,262.6875335561498,34.68186315821461
693.2647,551.7436832887701,38.94730413242198
693.4145,115.88405713903747,31.139474163677086
693.5642,226.18619665775384,32.85575917777838
693.7139,398.6688169786096,35.70439158873166
693.8636,385.76373676470587,36.184557938228
694.0134,327.3840576203206,34.84428675412441
694.1631,97.30384350668457,33.13790488871985
694.3128,136.23833473262042,31.739869865979692
694.4625,318.3118651069516,34.65945183691756
694.6122,90.12603564692516,31.167022151310395
694.7618,201.7958223262032,33.6858250703568
694.9115,133.79983351604267,32.00393699707044
695.0612,376.75972606951854,37.388223915028696
695.2108,197.8907420989305,31.32897280969098
695.3604,134.17550085561493,33.100369170842896
695.51,68.67282704812835,30.12590436730535
695.6596,101.14341488756685,30.566702988631242
695.8092,199.69020731283422,32.42965689342942
695.9588,277.26774745989303,35.523276254762344
696.1084,121.9335226737968,30.536353451226873
696.258,132.1567846256684,31.65121712981701
696.4075,279.6220255347593,34.33716538822265
696.5571,323.3332554812832,34.629740680735345
696.7066,145.14475315508022,31.514702728495344
696.8561,178.68218598930486,33.155802315172814
697.0057,105.9562504010695,32.75949954894581
697.1552,160.86935183155092,32.772600358954904
697.3047,247.13539451871642,34.882679673749294
697.4542,229.42416457219232,35.98263834900413
697.6037,191.96026082887707,32.66839186099049
697.7532,313.25838917112276,34.65083896465395
697.9026,354.8265709893047,36.09323317498377
698.0521,117.80250649732614,32.256178107474135
698.2015,122.34395037433154,31.539448123741277
698.351,170.1741645989306,33.60000669532032
698.5004,122.40143696524065,31.882986923135906
698.6498,406.2423463903743,38.10045723863937
698.7993,187.94956553475947,33.333811900470344
698.9486,320.15678489304787,34.45706137708267
699.098,238.29983302139024,32.97589143912198
699.2474,230.83191858288754,33.21131566259857
699.3968,168.27710574866327,32.89986208533816
699.5461,217.78379024064157,33.36836556471774
699.6955,243.40143729946507,34.08849489614588
699.8448,182.06453886363644,34.909503184237174
699.9942,341.4455549465239,36.03889876395239
700.1435,225.04983302139024,33.028303404449616
700.2928,129.8546463235293,31.493074583087633
700.4421,195.60063516042786,32.355918700407564
700.5914,302.12737312834196,34.746915494904
700.7407,125.41748004010701,31.07332719769478
700.89,248.50838917112284,34.69207420494092
701.0392,86.61133027807497,31.697181473587506
701.1885,218.50705227272707,33.11687141829622
701.3378,146.15678489304813,33.1591154094324
701.487,334.38138378342217,39.58568229117448
701.6362,458.5123998663105,48.46913919652609
701.7854,418.4709560160428,44.14093174782883
701.9346,402.68218596256673,46.506744225627415
702.0839,508.7236298128347,53.51811418981812
702.233,899.0886030748657,67.68322804302144
702.3822,774.8947528074862,62.16506605615302
702.5314,696.9255014705878,49.60420523428072
702.6805,276.638068315508,36.54598606613055
702.8297,266.9081217914439,35.33198403624166
702.9788,356.5164105614972,35.62896000761552
703.1279,166.50170470588247,33.436189490463626
703.2771,256.0886030748663,35.728971651475945
703.4262,460.4990308823533,36.031976721103106
703.5753,114.30384310160424,31.866828350703962
703.7244,387.97764050802135,38.12872892950725
703.8735,268.59796136363644,35.617647021199545
704.0225,247.52042125668433,33.69625499172421
704.1716,212.32657100267363,33.83977070156302
704.3207,304.52175815507997,35.19630520513841
704.4697,829.9763036096253,39.61844433702934
704.6188,290.82389719251313,34.76829503787661
704.7678,170.25972637700548,32.47199842616812
704.9168,296.30384371657726,34.85600170682613
705.0658,357.97095601604263,36.133890706295595
705.2148,236.1233624331549,33.30327534545032
705.3638,180.0939506149734,32.80888541969132
705.5128,281.8452875668448,33.88274074048547
705.6617,155.22496664438512,32.51645247028384
705.8107,145.71293445187175,33.55461847039787
705.9597,236.0792447860961,35.144871849629695
706.1086,148.81320165775415,31.681169521417626
706.2575,185.1126672593584,33.03336977882057
706.4064,235.55651751336882,33.753878488083814
706.5554,231.08592927807467,34.520781368362556
706.7042,158.50705195187174,31.828193181890143
706.8531,96.0444845280749,30.137557535196674
707.002,226.8225602941175,35.12643204584271
707.1509,170.8894052406418,33.37299535508327
707.2997,53.79314777914436,32.074232033995
707.4486,142.50170487967912,31.12266626652088
707.5974,131.30919161764697,31.675322448158884
707.7463,320.10063516042754,36.383731743197686
707.8951,193.38539451871657,32.20090990304757
708.0439,338.98833569518695,35.71625786001825
708.1927,532.0966244652407,39.004756570591326
708.3415,81.88271984719255,33.18814365572486
708.4903,136.715608262032,31.12721395634115
708.639,122.7129343181818,31.59824285801085
708.7878,430.9535763368985,34.7555335963537
708.9366,101.71694390508024,31.209367209172633
709.0853,102.48699787433159,30.829514695087134
709.2341,200.80384371657757,33.00930353165453
709.3828,268.5190843582888,34.71694750380825
709.5315,173.1902071524065,32.43546089653822
709.6802,208.2998329679143,32.98154511669264
709.8289,187.2891378342247,33.99406586280323
709.9776,88.75036667112306,33.110864276365746
710.1263,191.6701537700535,32.44737529129421
710.275,185.00304151069534,33.29071464580058
710.4236,336.22496671122974,36.29301716076848
710.5723,120.19421756684491,29.956237941257633
710.7209,112.7035763716577,31.091975164443745
710.8695,349.13004692513346,36.79911471015785
711.0181,209.77844264705865,32.21230705165174
711.1667,299.35197205882326,34.81212786075963
711.3154,418.2436832887701,37.88977395730212
711.4639,73.79849554545461,31.470226154182157
711.6125,166.40678491978616,32.05888370582377
711.7611,115.00705117647063,30.985629308179803
711.9097,401.9228276737967,36.832086551814726
712.0582,83.49234588903744,30.640368361699128
712.2067,173.15411113636372,33.15938670224132
712.3553,79.283789447861,31.530789295825603
712.5038,100.81587510695185,31.959155084840326
712.6523,250.24903088235274,34.691851940698754
712.8008,180.26774737967924,32.48228792365863
712.9493,413.96694532085564,36.50658513358049
713.0978,225.48967259358278,33.6224069902415
713.2463,209.65010040106935,32.40320590325792
713.3947,238.77309505347583,35.480882560391954
713.5432,110.24501953208551,31.983996300160044
713.6917,176.31453871657763,32.574146911522355
713.8401,138.5792453342246,32.89633155408317
713.9885,168.50838893048135,33.45596518497655
714.1369,276.5164105614973,35.92676674851278
714.2853,196.95892393048132,33.37916055677266
714.4337,90.18887024131028,30.477773024854624
714.5821,232.44689184491958,36.116863519434695
714.7305,186.59528763368996,34.43356493363518
714.8788,289.80518061497304,35.1717695711529
715.0272,202.6821859625668,31.881967195103282
715.1755,276.5471592245989,35.82333272495296
715.3239,264.5845923796792,33.31979555403092
715.4722,363.73031430481274,35.35214053655906
715.6205,449.3252340909093,35.71941617487502
715.7689,229.60197205882332,33.63101031928944
715.9172,193.11667794117648,33.49104978455869
716.0654,73.75838878529416,30.839999160428565
716.2137,103.31453926283433,31.274363164288964
716.362,290.6501004010693,36.31482974813785
716.5103,170.25972601604286,32.98688816661409
716.6585,93.85598165775409,29.360466524246785
716.8068,342.142079010695,35.63070243845915
716.955,107.45491320855623,31.543986841545824
717.1032,193.50705227272726,32.705209466037026
717.2514,73.04047453342248,31.517999964365405
717.3996,106.74234555347596,31.082129174870353
717.5478,107.21026013368984,31.704510011889905
717.696,254.00036778074858,32.781579529852834
717.8441,57.94288059798131,31.275617093622184
717.9923,88.36667802647064,30.41331437198356
718.1404,406.1942180481283,37.652356046459104
718.2886,134.414806617647,33.08853833942126
718.4367,194.53512708556153,33.0194201796263
718.5848,556.5017046791444,39.011790650888095
718.733,52.033789244534745,29.993468418292103
718.881,183.321223395722,32.35882526302808
719.0292,118.2316502673797,32.402148916488976
719.1772,390.22496671122985,36.390856584566336
719.3253,297.6353945187163,36.56574883971822
719.4734,111.75838887700533,32.92876287754321
719.6215,182.8145389171124,33.38439732975348
719.7695,251.79047473262017,33.313844840313585
719.9175,65.94956438556153,30.948100104500494
720.0656,55.397426426470574,31.32018561625022
720.2136,92.96427184491972,30.62677051770449
720.3616,356.2744319518715,34.70869346905147
720.5096,222.32657098930468,33.98195477949333
720.6575,212.1394052139036,33.226180893657215
720.8055,300.4549132352938,34.92017349498594
720.9535,397.1006351604276,36.52696474523159
721.1014,257.43084906417107,36.649345504630276
721.2494,178.62202553475936,30.8842935477296
721.3973,457.3452875668453,36.59461012911529
721.5452,97.203577565508,32.941184313585545
721.6932,174.06052820855615,34.02427624057142
721.8411,209.36400409090896,35.43079161841692
721.989,258.40678489304815,35.67719031910062
722.1368,306.83191858288745,35.13434142656607
722.2847,295.8065175133687,34.11756246192098
722.4326,283.8613303475935,34.068025972967
722.5804,115.886730962567,32.7235796854352
722.7283,144.2704214171123,31.602976642183084
722.8762,111.20491237967914,30.472003775245923
723.024,315.2931485294115,35.07520634127679
723.1718,371.0952875668449,34.65845519744495
723.3196,97.27977913636371,30.832415652083288
723.4674,197.4722929144385,34.1424314254302
723.6152,118.58459185828875,31.48946604141358
723.763,99.17817462165777,31.183604768692472
723.9108,162.7115979010696,32.17396777502532
724.0585,270.47362981283425,33.60114549380707
724.2062,392.4549132352938,36.8887588356214
724.354,133.9255012566845,31.0407126783214
724.5017,295.21694532085536,36.75694570435566
724.6495,66.66346835695192,31.517821139348648
724.7972,286.406784893048,33.78527757102598
724.9449,40.4656076635027,30.034821695349244
725.0925,166.23165110962574,32.34981786763143
725.2402,108.46159790106954,32.53619026793133
725.3879,252.31186510695179,34.84143468793327
725.5356,277.2664105614973,35.84925859614965
725.6832,86.17817482486637,31.879270009097024
725.8309,162.6755015909092,33.47462122189634
725.9785,65.89608912700544,31.18581575920328
726.1261,139.50571572192507,33.159721990624035
726.2737,100.3706887807487,30.044544158680868
726.4213,240.22496671122974,35.95750654165852
726.5689,182.83993990641727,31.925259381987463
726.7165,340.77175815508,34.753793163479
726.8641,346.78111644385,34.44258372846311
727.0117,476.78111644385064,37.22256986685986
727.1592,147.00036778074875,32.921468689857996
727.3067,176.6420790775402,33.84136958032393
727.4543,288.5257688502672,35.889649990267216
727.6018,149.34662397058827,31.927570053600316
727.7493,244.2851271390373,34.97948357308587
727.8968,180.61400417112307,31.94225497554134
728.0443,164.67015358288782,32.824378085252036
728.1918,129.30785465240646,31.55065327505638
728.3392,422.41079558823543,37.64379798604809
728.4867,166.49100929144396,33.4102664788919
728.6342,194.97630360962566,32.761989365956914
728.7816,79.92550051203204,32.01810667855669
728.929,98.25972580748663,31.75841003867046
729.0765,188.00972617647065,33.41693515668834
729.2239,108.19689137700536,31.956505486561383
729.3713,135.65678443850265,31.2887643510252
729.5187,147.14742632352946,31.167198451169796
729.6661,241.96159772727256,33.46309067208928
729.8134,335.30651751336876,35.835259908090926
729.9608,186.29448533422473,31.27854519949208
730.1082,126.96159725935834,30.748127731022226
730.2555,213.86266724598914,33.49999436736726
730.4028,308.1233624331548,35.316081935093784
730.5502,191.3586565775402,33.20696331153888
730.6974,438.513736764706,35.77315425165482
730.8448,215.1835228609624,33.40178817221264
730.9921,174.58191848930488,32.50528079266429
731.1393,327.08058168449173,34.91334241906824
731.2866,191.06721272727276,33.56622217099818
731.4339,173.0992982887701,32.130164507365954
731.5812,277.15411109625666,35.289482211712695
731.7284,157.85197195187175,31.994008761015237
731.8756,456.3145389037436,37.41751768897901
732.0228,351.3640041443848,36.61736213602138
732.17,280.88138382352935,34.72478059907412
732.3173,114.61667727941175,30.92812133380341
732.4645,198.21560835561502,33.73683097097141
732.6116,166.43485957219264,33.06694146640833
732.7589,208.6033089572191,33.98039919057776
732.906,214.8172127005346,33.04357148290941
733.0532,149.49635692513377,31.861879080715248
733.2003,489.1353945187169,37.41269521042489
733.3474,337.6153410427805,35.34065030751005
733.4946,494.5698864973267,38.02755158039625
733.6417,204.1501004010694,33.09147533869398
733.7888,413.27710574866313,35.54315421189735
733.9359,124.63405728609632,31.508649316880465
734.0829,34.59528672182355,31.488240884181234
734.23,124.5297798663102,31.374863356022864
734.3771,139.0926138770053,31.56387500217565
734.5242,270.37871002673796,33.8817148971384
734.6712,245.90544799465226,33.587358625590454
734.8182,285.80651751336876,35.75645763289272
734.9653,120.9642711898396,32.47272867979358
735.1123,117.70223950534756,33.40415470596509
735.2593,213.58058168449182,33.40313134157709
735.4063,302.29715922459866,34.96308609294235
735.5533,260.5618651069519,34.9697946784815
735.7003,55.21293398502673,30.187222288491565
735.8472,81.12336232954551,31.09018327428145
735.9941,167.42416453208565,31.574052640472228
736.1411,145.23165181818192,31.58798373010458
736.288,115.14475197860952,32.085603056028646
736.435,61.95624943808828,30.471948427025495
736.5819,40.06587496763372,30.8681407317335
736.7288,168.26774754010702,31.980613385729995
736.8757,212.72630359625654,33.5874295316089
737.0226,272.0217581550802,33.74041158792679
737.1694,289.223629812834,33.97755230872646
737.3163,352.0926137700532,37.392715652637754
737.4632,44.0779070609626,30.230980112610695
737.61,126.6674792245988,31.662006409810378
737.7568,134.9495652139037,31.598092528441867
737.9037,118.40411128342244,31.962616018185408
738.0505,114.8640037433155,31.345976166507562
738.1973,117.16881720320863,32.29497400481392
738.3441,78.57122253435833,31.557390295903406
738.4909,150.5926136363637,32.2881752096061
738.6377,461.67951216577575,36.18587428199863
738.7844,269.5645389037433,34.606834338757004
738.9312,472.09929826203245,36.68207361590044
739.0779,154.48566167112318,31.81030826807861
739.2247,176.32122331550812,34.14748539640777
739.3714,162.78512720588247,30.46899784613665
739.5181,432.8867314171125,38.18346985502076
739.6648,251.42015387700522,36.10590059732491
739.8115,253.57523409090902,34.19131094126043
739.9582,181.12336245989314,32.761177662576515
740.1049,315.0244319518714,34.03582263354249
740.2515,315.03111644385,34.93139883104882
740.3982,143.31052909090914,32.25621300790978
740.5449,228.02309505347577,34.038344186939476
740.6915,60.314538405080235,28.907804748807553
740.8381,123.85197152406413,32.30727271298579
740.9847,363.0591913101603,36.99239563458035
741.1313,235.9736298128341,35.17252212308165
741.278,131.65945871657752,32.32184193234119
741.4245,82.22229239719255,31.701522272114197
741.5711,93.49234552673796,31.64832737733849
741.7177,137.58993961229947,33.435485533778234
741.8642,86.25036742647063,31.497915362199222
742.0107,244.52844264705865,35.41469567991897
742.1573,136.20090220588227,33.27026756206328
742.3038,99.90544848930479,32.17659148665054
742.4503,198.8132019652407,33.61646990036689
742.5969,135.85330897058822,32.91448334686906
742.7433,43.02309396102946,31.299490117888062
742.8898,60.981650543476,30.819125252711217
743.0363,133.3787101470588,33.1077874279614
743.1827,178.076570895722,32.31417735851907
743.3292,65.9415437076204,30.755122047939306
743.4756,140.08592885026735,31.11043078130225
743.6221,366.28245334224596,34.02525703801399
743.7685,313.8466244652404,33.05757500257341
743.9149,554.3265709893049,36.77934351694991
744.0613,297.46694532085536,36.102716459558394
744.2077,270.60197205882355,34.156288739424035
744.3541,223.55518061497315,34.6022950523822
744.5005,357.67416457219247,37.46915890142348
744.6469,119.33191763368981,31.585938512481416
744.7932,95.81052736737973,30.85540043853451
744.9396,97.27175752673791,30.269492865082945
745.0859,207.1541110695186,34.291624790839755
745.2322,245.69020735294103,34.13238926898767
745.3785,250.40678489304798,33.865624665210674
745.5248,305.27844264705857,34.899857702069475
745.6711,342.27042125668436,35.91466908596421
745.8174,242.19020735294103,33.66104409321425
745.9637,186.68218589572203,32.573496503528546
746.1099,110.15812024732624,30.434809402078898
746.2562,302.34528756684466,34.13247682246461
746.4024,302.04047473262005,35.45145792236092
746.5486,259.99234639037434,34.31949815153245
746.6949,167.37202544117653,33.362531009690514
746.8411,101.88673047994652,31.829267256036275
746.9873,169.2757685828878,32.43398883678758
747.1335,427.6942180481284,37.94609405285434
747.2797,393.8813838235291,37.938794755410875
747.4258,140.071223328877,32.142046513473744
747.572,141.09261363636364,32.35428288022939
747.7181,250.54983302139019,34.800331630599025
747.8643,246.6340576203207,33.47587281664283
748.0104,289.6220255347592,34.49090881504061
748.1566,125.74502006283429,33.80409868295587
748.3027,169.7476939705883,31.798399384998902
748.4488,150.1594582352942,32.98407740739483
748.5948,102.8225602295454,32.78056295124588
748.741,417.01908435828886,36.76126310397374
748.887,277.171490775401,33.75157836736551
749.0331,166.2142715641712,31.08322642046453
749.1791,342.89608970588216,35.6971904550436
749.3251,262.5003677807487,33.19640962958735
749.4712,321.6982287433152,36.379508547634785
749.6172,126.8145386898396,31.55980160452791
749.7632,165.80785453208568,32.85092312415987
749.9092,79.04047494251338,30.323569974504455
750.0552,95.2249663877005,30.905809334532616
750.2012,102.09394959893051,30.801169525461603
750.3472,138.3372661497326,31.906188675396834
750.4931,400.882720721925,37.10314483243054
750.6391,60.988335185962576,30.52061383135
750.785,307.6059827540104,34.98618251047799
750.9309,372.21427152406403,37.830669966155384
751.0768,129.01106275401065,31.70093224410387
751.2228,248.67550147058813,35.101142971445896
751.3687,126.6982285962566,31.41766793578879
751.5145,176.8399397860963,34.1488840420866
751.6604,247.36534104278059,33.963724840697786
751.8063,234.28780093582867,34.55326406159046
751.9521,183.63138378342254,32.95528143840347
752.098,54.905447055347615,31.152897418653186
752.2438,176.80919144385035,33.33375564714353
752.3896,184.8787100133691,32.795336291802336
752.5355,176.55384375668456,32.68034403190894
752.6813,91.35330761096263,30.367326914635626
752.8271,222.93753350267366,33.64640184119261
752.9729,214.19288114973247,32.731585604268204
753.1187,153.41480629679154,31.958254099339605
753.2644,41.97496586764712,29.955757678141353
753.4102,196.8506351604278,33.45737840543475
753.5559,173.73967262032093,30.97440829911089
753.7017,216.593950668449,34.05298504123331
753.8474,277.7517046791443,35.70167180532323
753.9931,167.9776404010696,33.750818312917374
754.1388,179.43753352941184,31.826410555420416
754.2845,93.01373581550801,31.127241804973057
754.4302,96.47362897192512,30.181350646612266
754.5759,138.93084937165773,32.49718062887979
754.7215,298.732988101604,35.44689493392379
754.8672,96.18352297085555,31.913125280454903
755.0128,44.2931479056952,31.91277016360787
755.1584,113.91213228609631,33.05432008780247
